R&D_Spend,Marketing_Spend,Administration,Growth_Spend
1.7985216355128193,2.681749834960334,1.1014365170635143,2.397004599285673
1.739450333254317,2.377494280193398,2.2462968414526983,2.1741712598983955
1.5428782572861997,1.9850962144883548,-1.725353963505829,1.8459975675983475
1.3481758959150993,1.715216961286222,-0.33961801682827697,1.6001299744729505
1.2995476441954315,1.5293919197200407,-2.496547173823156,1.4597819489659898
1.0799127492372373,1.493309050517527,-1.8305782736726268,1.361319324049336
1.1387062456984562,-1.0723201429368705,1.9159018057006902,-0.3290446897735514
1.046018509779976,1.0679526586341441,1.7839555303787478,1.066288205846164
0.8365776277061738,0.9341485252499849,2.0360885820211707,0.9061368826299276
0.8965261436336865,0.8617913012491398,-1.1297001151402908,0.8782123367042576
0.4366265896735985,0.0345225736007241,-0.9782933040203902,0.17093633673535977
0.4099812781493129,0.25910735480120567,-2.465012456000634,0.3116204625486839
0.26381742906722766,0.2601426863218394,0.3441874017095322,0.26279231044486334
0.22364164415191942,0.29097121259684217,0.9905281459593465,0.2697320071622578
0.8237118272273531,0.33295609338599697,2.655055065904638,0.5010152762817177
0.7073590735078378,0.3903833327775663,-0.027703097405269137,0.49987831025941143
-0.07647620946837289,0.41842238854392555,-0.10829436841449258,0.25301681739662824
0.28085096056819747,0.6173082752652805,1.7481797076921184,0.5066543571847002
0.21841979685105253,0.752005680770783,-0.6951038843769947,0.5752946077199498
0.10400288151956157,-2.465820506105671,2.415223115954191,-1.6085138962489605
-0.11424513132854731,0.7928657609859873,-0.7194949813107767,0.48983014029090816
-0.06839622570751157,0.8045711499834173,2.4357265334292104,0.5131660915124294
-0.16274950828389317,0.8436535237526654,-0.014585243042780908,0.5072533154238056
-0.3014813008819338,0.8594684882295625,-1.3612166848044187,0.47079534200535894
-0.09728158799598138,-0.9320284121012548,-1.872749752072484,-0.6542601756982644
-0.36304984968912174,-0.9605296519040145,1.3113854397322877,-0.7632981411137229
-0.13410352270637477,-1.0032189378251335,1.673731080920264,-0.7141914934303596
-0.20326020590689983,1.3877186557708976,0.38721279384041674,0.8562098767220514
-0.3332767540376176,-1.1767220176862125,4.718532852968837,-0.8973281209135661
-0.3428526812261994,-1.2968486240989239,2.3771093090984428,-0.9806503034640885
-0.42037638555309415,-1.4715002902091028,-0.5792333257025173,-1.1233393937970453
-0.4387987313528474,-1.5032837349653563,2.351006431398295,-1.1507678990195342
-0.39001139609702284,-1.9629907878921657,0.4943520846151313,-1.4406862340511337
-0.5599347255387244,-0.12397010861169597,-1.5741843506445472,-0.27233836394454375
-0.7546108950185814,-0.16583660656810853,2.745704333740166,-0.3662007568384986
-0.7634570989421198,-0.22344627554156213,-2.998168516524399,-0.4076010994450056
-1.1359457243186781,-0.2713538985516625,0.32330051371641294,-0.5657310204291579
-0.8051938776379898,-0.3160600569734571,-5.667779571019921,-0.4834785256530764
-1.317016923798813,-0.4444189073772958,-4.508292020682571,-0.7424429025407945
-0.9235176785173643,-0.5564276156133628,-3.16146765767059,-0.6837972175754783
-1.1340012984253278,-0.5804711143889324,-0.34956453047303027,-0.7711339113594445
-1.1524947058316506,-0.6713035887910179,-3.0247876957674755,-0.8379493576128592
-1.2437796727551935,-0.8510010912910401,-2.1171991614573766,-0.9886641974168618
-1.4184323560673386,-2.0781121463148313,0.3490831737674265,-1.8658426480145176
-1.2751925525486216,-2.156664338497628,2.5173788713153247,-1.8696788900744281
-1.7298475023187299,-2.445046992120215,0.09375822422485536,-2.215949485518161
-1.723079904059254,0.7759538186285498,-0.5654022952424479,-0.0664948550406687
-1.7513212034483034,-2.465820506105671,0.9851397921843873,-2.237072382417732
-1.7396840602939434,-2.465820506105671,-5.631408380704159,-2.2331298770928147
-1.7513212034483034,-1.9729435654220084,-0.4730855236488292,-1.908514076739616
0.11970298813109811,0.11936740471237063,0.028521769008894846,0.12012563431476592
-0.918934312237456,-0.8991331605144167,-0.5363920626731903,-0.9106964971435327
0.1795579002505617,0.17806187068208176,0.06107679514086658,0.17953017136673077
-0.34543923783027136,-0.33675680760225396,-0.22446864364591423,-0.3415166549929529
-0.7267459430504266,-0.7106708723962076,-0.43186099604364003,-0.7199542390262433
-1.091285544122339,-1.0681429081224618,-0.6301337316459839,-1.0817508822955813
-0.11151559276080393,-0.1073683914679446,-0.0972377985458381,-0.10935315509970625
1.3385276189941493,1.3145618915750903,0.6914393112275075,1.329779286541322
-1.1656533402420743,-1.1410688868952397,-0.6705823046811444,-1.155559101621631
1.2777495500521834,1.2549621668130633,0.6583821838216914,1.269458539035944
1.003936942745283,0.9864581413383715,0.5094557627987766,0.9977062190008986
-0.10552580779619476,-0.1014947350246893,-0.0939799595297937,-0.10340844039032311
-0.8262751297741832,-0.808270422659504,-0.4859948253957306,-0.8187345241906865
-0.4426927356427427,-0.4321247890962374,-0.27736472504487997,-0.43803837446459576
-1.492579667987839,-1.4616568821595322,-0.8483972281269946,-1.4800254905147028
0.9655293251765166,0.94879515809415,0.48856590192081634,0.9595875980434114
-1.257840209912439,-1.2314684707382835,-0.720722656244519,-1.247052316837303
1.4825830208311654,1.455824397645028,0.7697909088391982,1.4727507513175604
-0.6109863712612775,-0.5971556067732917,-0.36889947769965764,-0.6050656938984826
1.639090305390308,1.6092973738866028,0.8549150701970651,1.6280804054317362
-0.9106688383615618,-0.8910279353018485,-0.5318964836106289,-0.9024932167413491
0.648199534632115,0.637617645623851,0.3159705340624843,0.6446455376617112
-0.33646529476501463,-0.3279568486441675,-0.21958772810561736,-0.33261023616667745
0.0906986888938688,0.09092543051983074,0.012746353263448657,0.09133957624219603
1.2499260327972246,1.2276780814689965,0.6432489981746726,1.2418443778519728
-1.4518963615077873,-1.4217623292731296,-0.8262696113892993,-1.4396483032825498
1.1060423810667206,1.0865839954364969,0.5649908171438328,1.099043370699191
1.5795144871939266,1.5508765915688145,0.8225118430440016,1.5689528627452216
-1.134502164673444,-1.1105216600525518,-0.6536392172547791,-1.124642321801186
-0.8529178650468713,-0.834396616972926,-0.5004857809443208,-0.8451767870313951
1.260252507951264,1.237804351495166,0.6488655524876411,1.252093152644968
-1.1588906797981606,-1.1344373391924267,-0.6669041029111763,-1.148847326879359
-1.5564277700837086,-1.5242671196733262,-0.8831241443007929,-1.543393171094167
-1.2878964785520548,-1.2609420187512177,-0.737070233722797,-1.2768824285808782
-1.6583614582986343,-1.624224553406688,-0.938565782064997,-1.6445598649508033
0.5407054367188603,0.5322076052135035,0.2575045947810644,0.5379602729361342
1.203167066299308,1.1818256619024021,0.617816838083812,1.1954372469532415
-0.3953326437720337,-0.3856828972164374,-0.25160561878094656,-0.39103464042910063
-1.0131392456593378,-0.9915116819795301,-0.5876300412717143,-1.0041925908894875
-0.17484844453713735,-0.16947336865120702,-0.1316844728836869,-0.1722094626633337
-1.3836686316958593,-1.3548573752401256,-0.7891606158901036,-1.3719339495955412
0.5994439731459953,0.5898073398487806,0.2894524249974059,0.5962568347082972
-0.06890009758249144,-0.06557911075997415,-0.07405927492333239,-0.06705831800353303
0.35669666635446917,0.3517663322891437,0.15742240287695342,0.3553360664092999
0.9356662754067268,0.919511082623334,0.4723234190843243,0.9299492511262255
1.2236053289742468,1.2018676747257706,0.628933189820247,1.2157217230552455
-0.7542044913290471,-0.7375970640696327,-0.44679567046801966,-0.7472061770330367
1.1413584967182693,1.1212154147335744,0.5841992190994881,1.134093752252458
0.3229907079514714,0.31871385302522015,0.13908976061194508,0.3218837265306056
1.27141626487455,1.2487516692038456,0.6549375116439407,1.2631729083523147
-0.8063306486554667,-0.7887126174437695,-0.47514703743431236,-0.7989401137561205
1.4763356107067882,1.4496981100545294,0.7663929489051807,1.4665503494456593
0.9865687132242477,0.969426641048552,0.5000091998303229,0.9804686758275144
-1.5524989863972445,-1.5204145058615,-0.8809872805351556,-1.5394939493209303
-0.5081724637504773,-0.4963350189296479,-0.31297908687686704,-0.5030254037760983
-0.7916889520753109,-0.7743547896126243,-0.4671834379787448,-0.7844085882644434
1.5087749120742593,1.4815084904512608,0.7840366567346384,1.4987455636240272
-0.42856628938212327,-0.41827222137740633,-0.26968136742526194,-0.42401822184328897
0.8308343041444094,0.8167115560665341,0.41530540913299097,0.825906081746226
-1.2527306442437043,-1.2264579669868982,-0.7179435702870622,-1.2419811974481358
0.5100051051798241,0.5021024809690905,0.24080671500784914,0.5074909443772637
-1.2467837968057232,-1.2206264144619163,-0.7147090873928834,-1.2360790964172843
-1.599064734025335,-1.5660774531041934,-0.9063143459842313,-1.5857093155387394
0.4414124063915579,0.43483963359277045,0.20349920828601528,0.4394143677312766
0.09009756352107648,0.09033595929771154,0.012419407090377008,0.09074297383276463
0.8955196880095255,0.8801428432267935,0.45048772224351136,0.8901047445492407
-0.098398178375943,-0.09450529365123421,-0.09010324653718634,-0.09633444247087322
-1.585689694480706,-1.5529617241402405,-0.8990396809642133,-1.5724349157473885
-1.1264943159573175,-1.1026690638050547,-0.6492837512035842,-1.1166947271068555
1.3615636020300836,1.3371512607379683,0.7039685660178409,1.3526419363801077
0.2703707690688296,0.2671140909523628,0.1104698298706356,0.26965972341275085
-0.07115431773046263,-0.06778962702460697,-0.07528533690891538,-0.06929557649340093
1.2736704850225211,1.2509621854684785,0.6561635815361337,1.2654101668421827
1.0792278956875205,1.0602893799945505,0.5504064450143904,1.072430649507693
-1.724077342802823,-1.6886663614462274,-0.9743085867540254,-1.7097812739309584
-0.8069103052649449,-0.7892810361612093,-0.4754623134530602,-0.7995154089626199
-0.6805666331619883,-0.6653868704559667,-0.40674411197152616,-0.6741224026066788
0.5044017579548672,0.4966077696100709,0.23775905736876662,0.5019297593206582
0.25796182387333105,0.2549457268811707,0.10372061433971938,0.2573441492080099
-0.18244838675029737,-0.17692596621870252,-0.13581807949698724,-0.17975221977462205
0.27850743036483994,0.2750930022279383,0.11489534847420924,0.27773516132467413
1.5109861946956025,1.483676900615448,0.7852393705049637,1.5009402069806985
-0.44464639310431775,-0.43404056920426776,-0.27842731789723224,-0.43997733138608197
0.45545297759892134,0.4486079912928826,0.21113586156851122,0.45334929154085507
-0.6067140873617893,-0.5929661517955033,-0.36657578077231506,-0.6008255561509999
0.7545772568530412,0.7419329536086797,0.3738292695216663,0.7502228263801546
-0.693168797227313,-0.6777447081603629,-0.4135984221442284,-0.6866297423651416
1.3726629526634273,1.348035420932609,0.710005490991342,1.3636577704786585
1.4370692426054614,1.4111930244409454,0.7450360051229543,1.4275794389162233
-0.1467243645957825,-0.1418945482416236,-0.11638781810343732,-0.14429700063831263
0.4864538718243537,0.47900785060281204,0.2279972183815662,0.4841169209407749
-1.0060330850024,-0.9845432931107551,-0.5837650063400396,-0.9971399001729698
0.5556476959854122,0.5468601692012516,0.26563167127647175,0.5527900999961933
1.5981493737504884,1.5691501907258258,0.8326473404480036,1.5874475316189318
0.2641448277077663,0.261008855866544,0.10708354009094079,0.2634806287437821
0.8493833156477152,0.8349009462959119,0.42539419429326303,0.8443155225355402
0.3801620246566836,0.37477675263670296,0.1701851872595064,0.37862486103406034
1.2743574854485695,1.251635865618231,0.6565372399529354,1.2660919973360099
-0.2359485449288136,-0.22938888207451633,-0.16491676329688432,-0.23284981894002557
0.06995986353253385,0.07058868153985934,0.001466524487172787,0.07075679857181034
-0.24640383266273713,-0.23964146603767814,-0.1706033859754483,-0.24322643622328033
1.271673890034318,1.2490042992600026,0.655077632561916,1.2634285947874997
1.0731092981430272,1.054289407432131,0.5470785455393584,1.0663580908533847
1.3257966423489407,1.3020777388426157,0.6845149485024253,1.3171441035652667
0.47619180296025626,0.4689447391817682,0.2224156903447871,0.47393206848390873
-0.33019641587732335,-0.3218095085489892,-0.216178090110666,-0.3263885270918445
0.5717277997076067,0.5626285181191991,0.274377629655051,0.5687492102663189
1.2778998313953813,1.2551095343458216,0.658463914435003,1.269607689456469
0.20787519906174265,0.20583016363378318,0.07647854456290101,0.20763439821814048
0.02566980481572848,0.027157303284695195,-0.02262279300877704,0.02679999819226747
-0.3911891724524295,-0.3816197583578134,-0.24935199021919954,-0.38692234662654285
-0.8144458411881629,-0.7966704762146656,-0.4795608858835622,-0.8069942444651119
-0.3278777894394101,-0.31953583477031683,-0.21491698603567566,-0.3240873469931801
0.8430500304700819,0.8286904486866944,0.4219495300221223,0.8380298918519108
-0.42094487840564926,-0.41079857130523106,-0.26553609065763784,-0.4164541575290685
1.1982292507370853,1.176983579279541,0.6151311687072074,1.1905365859148633
-0.8535404591829776,-0.8350071406997253,-0.5008244130849343,-0.8457946966437586
0.5922519374358015,0.5827547409612867,0.28554068572860924,0.5891189151800511
0.924717206116581,0.908774289961451,0.4663682247241334,0.9190825674481992
1.481531051428779,1.4547928238246335,0.7692187471063663,1.471706697646555
-0.19058504804630766,-0.18490487640319225,-0.14024359810056086,-0.18782765695921286
0.5973185655779082,0.5877231386122262,0.28829642347080947,0.5941474194360218
-1.329588816907865,-1.3018260406668725,-0.7597466560714585,-1.318261055223639
-0.750189832589327,-0.7336602402390872,-0.4446121023652603,-0.7432217264480715
0.1645941722206958,0.16338825418965397,0.05293804058452532,0.16467903710373935
1.1243552361735722,1.1045418081143978,0.5749511594470634,1.1172184322562524
0.900114003358724,0.8846480846836927,0.4529865663650186,0.8946644896133729
0.8149474192920411,0.8011326807817907,0.4066645453961965,0.810138737029822
1.4971388423580652,1.47009801654854,0.7777078039576448,1.4871970487248416
-0.30962934062250047,-0.30164117960645576,-0.2049916779152422,-0.3059762070449151
-1.0574293043761431,-1.03494306132578,-0.6117193587676651,-1.048149391996362
-0.21344928097572974,-0.20732582552863227,-0.15267943631004108,-0.2105198491745423
0.09670994262179197,0.09682013946776609,0.016015870340425835,0.09730559815451148
-1.6213278415819647,-1.5879089314439485,-0.918423230114032,-1.60780490563557
-1.1276536291762742,-1.1038059012399337,-0.6499143032410788,-1.1178453175198535
-0.034378326173561215,-0.03172663522713362,-0.055282913782534776,-0.032796303686086
-1.3798471918259654,-1.351110023951698,-0.787082142429129,-1.3681412638369648
-1.2947879515758525,-1.267699882573195,-0.740818495951754,-1.2837220472680748
1.574920171844728,1.54637134902083,0.8200129989224931,1.5643931169537575
1.5789133618211342,1.5502871203466957,0.8221848889643197,1.5683562603357906
0.9603338844545258,0.9437004443240459,0.4857401037196284,0.9544312498425159
1.5796432997738106,1.5510029065968938,0.8225819035029892,1.5690807059628145
-0.61180218426721,-0.5979556030422086,-0.36934319657544806,-0.605875368337235
-1.0678631233467526,-1.045174592784262,-0.6173943033852963,-1.0585047020766851
-0.7322634152221276,-0.7160813737365083,-0.4348619414389915,-0.7254301952711205
1.4605131321443618,1.4341823922838248,0.7577871193511835,1.4508469263380515
-0.1292487912581773,-0.12475778542840575,-0.10688286483032088,-0.1269529214502682
-1.1118955569037898,-1.0883533409832689,-0.6413434999632731,-1.1022058160210424
-0.755750242287656,-0.7391128465887475,-0.4476364038824772,-0.7487402970988131
-0.6196168141135101,-0.6056187256565019,-0.37359356798485704,-0.6136311974778444
0.7074747901421004,0.6957436928761227,0.3482102841757082,0.703474779507177
1.1265450500316014,1.1066891657739049,0.5761421951564583,1.1193917684099914
0.5063983529430702,0.49856565581854684,0.23884500634298442,0.5039113313753409
0.06938020692305555,0.07002026391350563,0.0011512563750339145,0.07018150409264327
-0.7319843212990454,-0.7158076911756717,-0.4347101424600845,-0.7251532016330033
-0.613798779255413,-0.5999134881595986,-0.37042914554966583,-0.6078569396645853
1.024997799556328,1.007110677888539,0.520910746675825,1.0186086047152658
-0.9437092651018252,-0.9234277858296134,-0.5498671376131583,-0.935285032601816
-0.025662008268072613,-0.02317930632520444,-0.05054211916021326,-0.02414557129499609
-1.4406896670578735,-1.4107729063368728,-0.8201743040177433,-1.428525933023872
1.2801325827800385,1.2572989981057752,0.659678306266261,1.271823640743405
1.330154801301685,1.3063514027480374,0.6868853497668912,1.3214694693971456
0.2398207188729915,0.2371563353317941,0.09385368071073295,0.2393395460017376
-1.0919510757850734,-1.0687955357675345,-0.6304957199084628,-1.0824114055864764
-0.2277689461061753,-0.22136786578958104,-0.16046788857144512,-0.2247317666222377
0.6849111198990744,0.6736174799072858,0.3359379230060678,0.6810808888602301
-1.6416802292036474,-1.6078667340303812,-0.929492877513345,-1.6280041527803792
0.6362199647028968,0.6258703316462544,0.3094548560303955,0.6327561075156121
-1.6189448088541096,-1.5855721000421286,-0.9171270997628524,-1.6054398038553763
-1.5203602477161695,-1.4888988617304795,-0.8635070576521466,-1.5075970367836773
-1.3247368763988983,-1.2970681680627303,-0.757107691031976,-1.3134456229969893
0.06959489455619566,0.0702307889603034,0.0012680211711437015,0.07039457612196418
-0.7239120662929771,-0.707891937414135,-0.4303196501327002,-0.7171416853298761
1.5926748391054155,1.5637817943948848,0.8296697432679099,1.5820141897799191
-1.2706355928475896,-1.2440157809847974,-0.7276820531523982,-1.2597514214221548
0.44866884839169374,0.441955389994304,0.20744598173760917,0.44661620886831904
-0.1834359498627419,-0.17789438252505774,-0.13635521495362973,-0.1807323518368311
0.5803153050332112,0.5710495319930495,0.2790483638183849,0.5772720994398162
-0.8265756924605794,-0.8085651577250207,-0.48615830243557145,-0.8190328250317359
0.08056543260965546,0.08098863412686541,0.00723488568565721,0.08128256700292241
-0.5555110868578723,-0.542755857213682,-0.3387265229864755,-0.5500078298813288
-0.704525773020425,-0.6888814995022466,-0.4197754680357049,-0.69790126362621
0.9223556421520397,0.9064585111734198,0.46508377243388654,0.916738772943671
0.10637088611309707,0.10629378075777675,0.021270452204133303,0.10689384892927911
-0.13906001609268046,-0.13437879316008855,-0.11221918521394765,-0.13669032191822783
1.1349393364873799,1.114920707105638,0.5807078425846152,1.1277228927571001
-1.2499397050128829,-1.2237211370141854,-0.7164255804979879,-1.2392112581576329
-0.4879274199453646,-0.47648247864839693,-0.30196782978221576,-0.4829326925004831
-1.6685805896361037,-1.6342455598183723,-0.9441239539799094,-1.6547021030018054
-1.5085094903668352,-1.4772778627809613,-0.8570614400790444,-1.4958354498551705
-0.9673463735105516,-0.9466066262146109,-0.5627233385765633,-0.9587442848500332
-0.35179399177121873,-0.34298835771615127,-0.22792498597798772,-0.3478235928795144
-1.695438012541932,-1.6605822803787866,-0.9587316822312174,-1.6813574386719006
-1.693441417553729,-1.6586243947158537,-0.9576457332569995,-1.6793758669808843
-1.6459525131031358,-1.612056188462627,-0.9318165665340796,-1.632244290164196
-1.358292553458698,-1.3299732787028096,-0.7753585947770638,-1.3467488117278266
1.3706663576752243,1.3460775358152193,0.7089195420171243,1.3616761991513082
0.9315657416137506,0.9154900476829831,0.4700931387378338,0.9258795710021992
-0.009732185889076206,-0.0075583260311015065,-0.041877899301554423,-0.00833561217272793
-0.7176646561685999,-0.7017656498236364,-0.4269216901986804,-0.710941283457975
0.5566567278611707,0.5478496391033726,0.266180484794047,0.5537915399886671
-0.056018839594084636,-0.05294759049474125,-0.06705316577172205,-0.05427398460695278
-1.5028846743785642,-1.4717620986990445,-0.8540021043790302,-1.4902529574501664
-1.3664077459913941,-1.3379311374737055,-0.7797724353197047,-1.3548029424368178
1.1473053441562504,1.1270469672585568,0.587433701993667,1.1399958532833099
1.2650185734069745,1.2424780140805884,0.6514578131900004,1.2568233560598887
-0.22764013352629123,-0.2212415507615026,-0.16039782811245745,-0.22460392340464516
-1.2565950216402262,-1.2302474232846854,-0.7200453998699022,-1.2458164976125763
-0.3992828962218118,-0.38955656353294366,-0.25375416060751665,-0.39495516940526965
0.9955855938161324,0.978268706107084,0.5049134714924853,0.9894177097869864
1.2556367238387516,1.2332780564425012,0.646355038211809,1.2475120996505713
1.3108543830823889,1.2874251748548675,0.6763878641004091,1.3023142765052074
-0.6476764877649229,-0.6331343874609601,-0.38885519648891725,-0.6414797371667366
-0.21860178417109244,-0.21237843428937694,-0.1554818783893634,-0.21563358296957327
0.19561653520944217,0.19380916600426315,0.0698110675519041,0.19546797370659105
0.2985592553001265,0.29475606887598577,0.1258015188336835,0.29763610704656845
-0.036009952185426075,-0.03332662776496752,-0.056170351534114496,-0.034415652563590624
-0.02705747788348335,-0.02454772131156084,-0.051301114054750414,-0.025530540940247502
0.7595150724152638,0.746775037322627,0.3765149468048788,0.755123488145865
-0.09427617581965282,-0.09046320620620424,-0.08786129603637206,-0.09224345514391505
1.2930353095317595,1.2699515708756877,0.6666960934788053,1.2846292813429172
-0.6524854907472615,-0.6378501550557427,-0.3914708054065343,-0.6462525549875221
0.6041456323117638,0.594417844920165,0.29200965942357593,0.6009231165144223
1.2585564756494572,1.2361412003522063,0.6479430884598733,1.2504098814313342
-1.5727440302023572,-1.5402670459245338,-0.8919985455364148,-1.559586660451079
1.053572723527277,1.0351316019874837,0.5364526170158348,1.0469685187291935
1.0996446895991454,1.0803103403132397,0.5615111186898938,1.092693818406765
0.708762915940941,0.6970068453390806,0.3489108966721916,0.7047532131377682
-1.4432659186555548,-1.4132992104990278,-0.8215755211040999,-1.4310827997759212
-0.1527785558503337,-0.1478313632900042,-0.11968068339567105,-0.1503056376838247
-0.06153631176578555,-0.05835809183504188,-0.07005411907368246,-0.05974994085182993
-0.23715079567439823,-0.230567823427669,-0.16557066354963662,-0.23404302303155552
-0.3884626395115501,-0.3789460869902259,-0.24786903461292356,-0.38421632967216873
-1.4729142807922044,-1.4423727605957208,-0.8377012391444834,-1.4605080744455867
-1.5956512006584072,-1.5627301001684417,-0.9044577319611515,-1.5823214671450057
-1.1305948497502938,-1.1066900987454051,-0.6515140315500735,-1.1207644072308813
-0.5175113757920722,-0.5054928715583763,-0.3180585136398008,-0.5122940457795518
-0.9080281804739383,-0.8884384739529797,-0.5304602323414739,-0.8998724285987032
1.2604027892944623,1.237951719027924,0.6489472910075615,1.2522423030654923
-0.3449239875107351,-0.3362515463988534,-0.2241884018099647,-0.3410052813952498
0.7291367723259378,0.7169857006484104,0.3599922142258294,0.724973767630976
1.5779472674720036,1.5493397565450202,0.82165943156861,1.5673974354765134
-0.5896034830005222,-0.5761872826529274,-0.35726934662844567,-0.5838437001401336
-0.6721079404162678,-0.6570921716101947,-0.40214343826717996,-0.665727356650774
0.19033521943419537,0.18863024330652609,0.06693856501359523,0.1902263974213
1.3974379055277966,1.3723300462478054,0.7234805659313088,1.3882463059369416
-0.011471155717511124,-0.009263581092334118,-0.042823727357796874,-0.010061497064892793
0.8821661172282105,0.8670481667675198,0.4432247273778182,0.876851651960822
-0.6189298136874617,-0.6049450444156634,-0.3732199095680554,-0.6129493662566846
1.2367227433591077,1.2147307736335669,0.6360677418288988,1.228740436411411
-0.3889778898310864,-0.3794513471025401,-0.2481492764488731,-0.3847277025425391
1.060850634290727,1.0422684108936968,0.5404110685283626,1.0541916670691678
-0.2940859559831563,-0.28639914548767426,-0.19653764734015422,-0.290549778302757
1.3724912025569154,1.3478670008951705,0.7099120744104888,1.3634873128552014
-1.1451292025138795,-1.1209426640531517,-0.6594192486075874,-1.135189396707898
0.6824422121179631,0.6711964385958549,0.33459508831776597,0.6786305583410408
1.1423889973573418,1.1222259371403749,0.5847597027713871,1.1351164994478635
1.6563511910947732,1.626223611653023,0.864303250767464,1.6452114125904602
0.8360941511563422,0.8218694273506779,0.41816623361036703,0.8311263515559181
-0.4530621483234102,-0.4422931630406802,-0.28300464338632186,-0.4483297629361226
1.5571440358207267,1.5289398500510096,0.810344576516146,1.5467507361973314
-0.8878690117220817,-0.8686701436904477,-0.5194956795839459,-0.8798649461348164
0.060771232834137004,0.06157819753497549,-0.0035311558492327104,0.06163730771621402
-1.3084420850435636,-1.2810892940979852,-0.7482449678572869,-1.2972734406975428
0.12796846200699247,0.12747262992493882,0.03301734807145617,0.12832891471694927
0.7933713121614596,0.7799748841193087,0.3949293196831986,0.7887249784450842
1.025126612136212,1.0072369929166176,0.5209808071348127,1.0187364479328584
-0.7966911739274756,-0.7792600297495247,-0.4699041415381467,-0.7893731709116176
-0.551067052851872,-0.5383979821984552,-0.33630941738488873,-0.5455972345103891
-0.340952266297643,-0.3323568275776677,-0.22202818192246188,-0.33706344521614895
1.4394093378066886,1.413487750724297,0.7463087872588785,1.4299019262178196
1.267766575111168,1.2451727379528563,0.6529524468572115,1.2595506802171954
1.6131131017803544,1.5838238072182533,0.840786095004346,1.6022986658819232
0.40856519852112055,0.40262925560712365,0.1856336489252708,0.4068143166971988
-1.218251810361402,-1.1926475964634173,-0.6991905652681313,-1.207761797536553
1.2791879571942222,1.256372686808779,0.6591645269314841,1.2708861230870596
0.4296260553321657,0.42328179215729184,0.19708862489571133,0.42771670241156645
-1.7252366560217796,-1.6898031982264552,-0.97493913879152,-1.710931863907557
-1.466452183034687,-1.4360359477402072,-0.834186506507746,-1.4540946003988982
1.5909144005136666,1.5620554868289724,0.8287122450573413,1.5802669976848225
-0.6642718418066537,-0.6494079964912217,-0.3978813887968371,-0.6579502203072324
1.6544190023965122,1.6243288840496728,0.8632523359760446,1.6432937628719058
0.4239368330539527,0.4177028707795526,0.1939942629195067,0.4220702885432322
-1.129156442608255,-1.105279578749689,-0.6507316805336708,-1.1193368231797658
1.0541094426101272,1.0356579146044778,0.5367445369127171,1.047501198802496
0.06349776577501644,0.06425186890256299,-0.0020482002429555906,0.06434332467058793
0.42181142548586553,0.41561866954299825,0.1928382534863012,0.4199608732709568
0.8953908754296415,0.880016527107629,0.4504176617845237,0.8899769006043157
-0.055095682771582145,-0.05204233170242527,-0.06655106449787787,-0.0533577741535398
0.6068292277260152,0.5970494112783927,0.2934692589079875,0.603586519062932
0.3101309187263786,0.306103385264667,0.13209533742787766,0.30912070033695765
1.1866575873108332,1.165636262890859,0.6088373501130132,1.1790519926244738
1.3485535314617927,1.3243934254446565,0.696892396407244,1.339729759765935
0.6029004440395511,0.5931967974665665,0.2913323951423502,0.5996872972896954
-0.6768095995820362,-0.6617026766815783,-0.4047006647867421,-0.6703936384568988
-0.4595457148442416,-0.4486510281826563,-0.2865310461773842,-0.4547645440402769
0.6541034445434681,0.6434070920483876,0.31918166083479876,0.6505050235593663
0.4711037060548356,0.4639552890261485,0.21964828244826307,0.4688822570250058
1.0831781481372986,1.0641630463110567,0.5525549789343527,1.076351178483862
-0.6484064257175993,-0.633850173711158,-0.38925221102758445,-0.6422041827937605
-0.2588557153848637,-0.25185193620931584,-0.1773759497216222,-0.2555846255612188
0.561014886813915,0.5521233030087936,0.2685508860585117,0.5581169058205456
0.9405182159156933,0.9242689552274755,0.4749623841238057,0.9347646833528748
1.6063289725731267,1.5771712070107609,0.8370962151734428,1.5955655839367195
0.7979870962739721,0.7845011791719734,0.39743984186563863,0.7933060314394806
-0.9782739740373834,-0.9573223663718133,-0.5686668469692113,-0.9695896613251269
-1.5804513162320872,-1.5478249057972107,-0.8961905266411598,-1.5672359534315616
0.8594306968786726,0.844753532670159,0.4308589575339324,0.854287302963086
0.678255803271731,0.6670911936367857,0.3323181036341534,0.6744756494052866
0.2380817490445566,0.2354510791794754,0.09290786056109834,0.23761366038223986
-0.960411962960126,-0.9398066573832737,-0.558951720225742,-0.9518620517569722
1.3543715663198899,1.3300986618504742,0.7000568188424351,1.3455040168518617
-0.414869218387784,-0.4048407037521704,-0.2622315473044713,-0.4104242132806242
-0.6906140143929456,-0.675239456830213,-0.4122088752121955,-0.684094183034224
0.991098622283504,0.9738687260824977,0.5024730176756409,0.9849645000101825
-1.6203402784695202,-1.586940514810268,-0.9178860946573896,-1.606824773355161
1.3182181688990946,1.2946461937797995,0.680393019950059,1.3096226536569102
1.2227251096783722,1.2010045209428148,0.6284544367616595,1.2148481270076972
0.8872971516602592,0.872079721932499,0.4460154913962066,0.881944077825589
-0.3321930108655264,-0.3237673936663791,-0.2172640311782748,-0.32837009841919446
-1.344917513914069,-1.3168575497388562,-0.7680839218504367,-1.3334744119364756
-1.3454971705235472,-1.3174259684562957,-0.7683991978691846,-1.3340497071429749
1.269419669886347,1.2467937829953697,0.6538515626697229,1.261191336297632
0.6555418516855069,0.6448176120441035,0.3199640118512015,0.651932607610482
1.3196995135677614,1.2960988187848754,0.6811987270883261,1.3110928521138903
-0.659334026244431,-0.6445659138683605,-0.3951957194202335,-0.6530495592688543
1.085990556131434,1.0669209287884496,0.5540846467843598,1.079142424977297
-0.2716940358466425,-0.26444135146518927,-0.18435870275136587,-0.26832634455193444
1.6396055557098443,1.6098026350900032,0.8551953120330159,1.6285917790294393
0.8396794346297821,0.8253852010876283,0.420116264214299,0.8346846580822413
-1.6789285335534572,-1.644392881367244,-0.9497521942604197,-1.6649721843431333
-0.6132191226459347,-0.5993450705332448,-0.37011386953091796,-0.6072816451854185
-0.37231812949941356,-0.3631145805582392,-0.23908804995815494,-0.368193297793247
0.4501072555337325,0.4433659099900199,0.20822833275401187,0.44804379291943464
-1.1502817057092423,-1.1259952728138964,-0.6622216906869097,-1.1403031305029296
-1.6845318807784142,-1.649887592944481,-0.9527998518995022,-1.6705333695452054
-0.314373937314897,-0.30629378968719895,-0.20757226055666989,-0.3106851032569041
0.7822504927648017,0.7690696703289018,0.38888071664876467,0.7776878364162686
-1.3607614612398093,-1.33239432001424,-0.7767014294653656,-1.3491991422470155
0.04155668966809686,0.042736178569438954,-0.013981929271983759,0.042567342908671875
0.905803225636937,0.8902270071525173,0.45608092834122327,0.9003109042090391
-0.797592861986664,-0.7801442360371605,-0.47039456475105806,-0.7902680741620983
1.3277932373371437,1.3040356239600055,0.6856008974766432,1.319125674892617
0.9792908024607978,0.9622898321423391,0.49605075622440525,0.9732455274875401
-1.278707847853658,-1.2519315336552477,-0.7320725454797825,-1.2677629369979495
1.4330760526290554,1.4072772531150797,0.7428641150811277,1.4236162955341902
-1.6471547638487205,-1.6132351303613224,-0.932470466786832,-1.6334374946193924
0.12380352192407428,0.12338843856163512,0.03075204144877634,0.12419531371145935
-1.4848509131947947,-1.4540779697821755,-0.8441935610547066,-1.4723548903312882
-0.32622469466423126,-0.31791478863671746,-0.21401787022316318,-0.3224466901854107
1.1637289480914692,1.1431521562513802,0.5963664856273425,1.1562958788003488
1.5558773787852,1.5276977511838177,0.8096556420805954,1.545493610497005
0.2079610741149987,0.20591437365250215,0.07652525680663097,0.20771962702986882
1.3310564893608734,1.3072356101267593,0.6873757729798026,1.3223643733749586
0.17376133415577863,0.1723776856898581,0.05792405076660703,0.17377722075640378
-1.671092434943843,-1.6367087063573798,-0.9454901447900768,-1.657195048072325
-1.4761775328159341,-1.445572745780497,-0.8394761225542506,-1.463746772273329
-0.7476565185182736,-0.7311760414136174,-0.44323424140076917,-0.7407074743200862
-1.392621105997802,-1.3636362816935321,-0.7940298612760754,-1.3808190612188842
-1.5092179595561976,-1.4779725964173707,-0.8574467765567799,-1.4965385882065292
-1.0480474548079202,-1.025743103687692,-0.6066165837894737,-1.0388381355870444
1.0626754791724178,1.0440578759736487,0.5414036009217272,1.0560027807730614
-1.0272012856300152,-1.0053010921843217,-0.5952783647085351,-1.0181488219019978
-0.5338705734373489,-0.5215349030371604,-0.32695627099728825,-0.5285301496877944
-0.8229045339338834,-0.8049651739693514,-0.4841615595879084,-0.8153892896936843
0.780812085622763,0.767659151424272,0.38809837353896975,0.7762602530924855
0.2567166356011184,0.2537246794275725,0.10304335796510153,0.2561083299832829
-0.9710390008005616,-0.9502276624749599,-0.5647317594851581,-0.9624091273910168
0.892556998672192,0.8772375932166427,0.4488763237801928,0.8871643476352812
1.3995847818591975,1.37443529998904,0.7246482455188381,1.3903770284121493
0.9413984352115677,0.9251321090104321,0.47544112927578547,0.9356382794004235
-1.1898271677336512,-1.1647740409883172,-0.6837304334480409,-1.179551034670483
0.6774829277924265,0.6663333023772282,0.3318977408802285,0.6737085893723984
1.6663126972724744,1.6359919880085505,0.8697213017644022,1.6550979642062766
-1.2515069247348056,-1.22525797203798,-0.7172779919733783,-1.240766685426341
1.362465290089272,1.3380354681166902,0.7044589892307522,1.3535368403579209
0.8038051311320692,0.7902064155777905,0.4006042643008298,0.799080288525407
1.6744493585684848,1.6439708981930399,0.8741468282745849,1.663173401390868
-0.31924734658717757,-0.31107271588710694,-0.21022290365708413,-0.31552184341381856
0.32513758428287254,0.32081910676645425,0.14025744810608332,0.3240144490058133
-0.09756089660669656,-0.09368424487763752,-0.08964784960046313,-0.0955034608291886
-0.5365327000882862,-0.5241454168907087,-0.328404192420767,-0.5311722450333723
-1.015608153440449,-0.9939327232909607,-0.5889728759600171,-1.0066429214086765
-0.8281214434191881,-0.8100809402441354,-0.48699903585002907,-0.8205669450975119
0.19387756538100726,0.19210391094303053,0.06886524740226949,0.1937420888144262
-1.294100951149804,-1.2670262013323565,-0.7404448375349512,-1.283040216046915
1.4142050096760392,1.3887720753155053,0.7326001748200831,1.4048872467008944
-1.4951773883488342,-1.464204238826367,-0.849810123274284,-1.4826036644696843
-0.40162299142303903,-0.3918512898162958,-0.25502693483683186,-0.39727765670686616
0.5643854826542148,0.5554285506078604,0.270384151866335,0.5614621395902156
0.970123640525715,0.9533003995510486,0.4910647460423236,0.9641473431075432
-0.7139505601152759,-0.6981235621496937,-0.4249015991357608,-0.7072551344413917
1.0986571264867009,1.079341924006885,0.5609739832332513,1.091713686344556
0.185848247901567,0.18423026328193984,0.06449811119675072,0.18577318764449605
-1.506255270218864,-1.4750673466254365,-0.8558353701868524,-1.493598191438036
1.1763096433934799,1.1554889414510963,0.6032091098325041,1.1687819113558793
-0.7079607751506667,-0.6922499046153524,-0.42164376011971644,-0.7013104190046758
1.0655737622198094,1.0468999684697604,0.5429799731088564,1.058879256078225
-0.7894132631640257,-0.7721232208433113,-0.46594569002561886,-0.7821500225716431
-1.155670365301059,-1.1312794591261186,-0.6651525756232735,-1.1456512435302142
-0.539881827165272,-0.5274296119850955,-0.3302257801676564,-0.5344961716001099
-1.2583769289952893,-1.2319947833552776,-0.7210145761414013,-1.2475849969106056
0.9752546749577636,0.9583319558071138,0.4938555100607131,0.9692397696996428
-0.8341326971471114,-0.8159756502831568,-0.49026854502039724,-0.82653296773716
-0.9595532124275655,-0.9389645561049973,-0.5584846452280859,-0.9510097629123557
1.1259224558954952,1.1060786431381922,0.5758035709224538,1.1187738595249606
0.511615262428375,0.503681421002245,0.2416824746984961,0.5090889860518364
1.1676792005412473,1.1470258225678864,0.5985150195473047,1.1602164077765178
-1.2659339336818212,-1.2394052759134135,-0.7251248266328361,-1.2550851396160299
-0.7081110564938649,-0.6923972721481106,-0.4217254986396369,-0.7014595694252005
-0.7713580332169422,-0.754418039312654,-0.4561254686403636,-0.7642306481770996
-1.3501344233993737,-1.32197331601364,-0.7709213902059484,-1.3386520673403035
1.6650889777635758,1.634791993059632,0.8690557234507171,1.6538834521844827
-1.210437180515102,-1.1849844738491242,-0.6949401938587212,-1.200005968395944
-0.6914083586355639,-0.6760184005944502,-0.41264091602705316,-0.6848825502700442
0.05199050863870637,0.052967711119006756,-0.008306984654352563,0.052922653716327206
0.9774015512891648,0.9604372095483482,0.4950231896482412,0.9713704921748504
0.6664265146857107,0.6554912471919468,0.325884164121985,0.6627353696797118
-1.3479231407780305,-1.3198049047583666,-0.769718676435622,-1.3364574232562998
-1.0744110961575262,-1.0515956154402775,-0.6209557403591559,-1.0650034047896357
1.5712060757914041,1.5427292602558011,0.8179928999529656,1.5607069672098417
-0.41334493619248924,-0.4033459737377355,-0.2614024919509465,-0.4089114004177802
1.2197194828144107,1.198057165923304,0.6268196821764753,1.2118651156878728
-0.5826261349234686,-0.5693452088122308,-0.3534743721557576,-0.5769188526412086
1.0112363222720466,0.99361600384035,0.5134258923722372,1.0049506752711372
-0.9704164066644553,-0.9496171387481607,-0.5643931273445457,-0.9617912177786533
0.20993620033988772,0.2078512073562983,0.07759951981330815,0.20967989188161934
1.6627703513256624,1.6325183203720457,0.8677946272823369,1.6515822728131504
-1.2927054815343932,-1.2656577863460001,-0.739685842640414,-1.2816552464016635
-1.0424011700563351,-1.0202062862282268,-0.6035455700285267,-1.0332343353972422
1.155785505665285,1.135362718609008,0.5920460537589459,1.1484122064421465
-0.8497190193130836,-0.8312597894112974,-0.49874593171735077,-0.8420020108851821
1.0373423384618845,1.0192158855367783,0.5276249280239441,1.0308602580385435
-1.12709544133011,-1.1032585350271742,-0.6496107052832637,-1.1172913295162867
-0.44237070419303254,-0.43180900043495485,-0.2771895778507153,-0.4377187656932817
-0.2882249835984312,-0.28065180298141135,-0.1933498687830975,-0.284732906083634
-0.042171487256547326,-0.03936870533674714,-0.05952160713101212,-0.04053082562376335
0.9338414305250358,0.917721616452296,0.4713308866909586,0.9281381366949994
0.5807661490628054,0.5714916345913245,0.27929357937814503,0.5777195507013902
-0.9237647839831086,-0.9038699817049649,-0.5390193575583478,-0.9154906228945825
0.5974259093944783,0.5878284011356253,0.28835480586886436,0.5942539554506824
0.6185082349688373,0.6085019901904729,0.29982145990023656,0.6151776483679819
-1.1621109942952623,-1.137595219258735,-0.668655630199078,-1.1520434102285042
0.3870320289171672,0.38151356395400077,0.1739217714275294,0.3854431725183247
-1.5286471903553778,-1.4970251401023789,-0.8680143147756407,-1.5158216248251926
1.3904390886874287,1.3654669199024294,0.7196739133976892,1.3813001512350847
-1.3180600910082407,-1.2905208292875505,-0.7534761935991288,-1.3068190763391136
0.5128819194639016,0.504923520960523,0.24237140913404673,0.5103461124794952
-0.4947974242058482,-0.48321928996569447,-0.30570442185684893,-0.48975100398474747
0.5617018872399634,0.5527969842496322,0.26892454447531444,0.5587987370417055
0.9453701564246599,0.9290268278316177,0.47760134916328834,0.9395801155795245
-0.7702416575246136,-0.7533233068871347,-0.4555182727247334,-0.7631226721699655
0.1927826584519927,0.19103023211327694,0.06826972954757207,0.1926554207375565
-1.3333673192511308,-1.3055312869459406,-0.7618017813171754,-1.3220111265763508
0.40641832218971946,0.4005240018658892,0.1844659614311337,0.4046835942219911
-0.19496467576236598,-0.18919959390437946,-0.14262567742595833,-0.19217433072135653
-0.3908027347127773,-0.3812408132735777,-0.2491418088422377,-0.38653881697376496
-0.8522523333841369,-0.8337439893278533,-0.5001238005884509,-0.8445162637404998
0.5235518948309652,0.5153866299704821,0.2481747966087205,0.5209358017920714
-1.2569385218532505,-1.2305842633595614,-0.7202322330316075,-1.2461574128594899
-0.5656228743787716,-0.5526716011019677,-0.3442263125033342,-0.5600435319176703
-0.509589402129202,-0.49772448642068434,-0.31374975983233694,-0.5044316806242819
0.6622186370761645,0.6513649508192837,0.3235955092840487,0.6585591542683578
0.49924925475950443,0.4915551619404123,0.23495661528944428,0.49681602625295923
0.5029848195761424,0.49521830211903445,0.2369883844132967,0.5005234824724745
-1.032675820275088,-1.0106694885152632,-0.59825596188863,-1.023582163741011
-0.680137257895708,-0.6649658203623715,-0.4065105744726987,-0.6736962585480367
1.2736490162592071,1.250941132963799,0.656151903475201,1.2653888596392506
0.37432252103527247,0.36905046372620587,0.1670090867633813,0.3728292967452016
-1.2115964937340586,-1.1861213112840032,-0.6955707458962169,-1.2011565588089421
0.1394113128533605,0.13869363128554157,0.03924110620666265,0.13968566478974595
-1.62349618667668,-1.5900352373625366,-0.919602595669102,-1.6099569350955099
1.3972232178946564,1.372119521201008,0.7233637932285923,1.3880332339076207
0.8313710232272598,0.8172378697746141,0.4155973290298733,0.8264387625468609
1.5531293770810066,1.5250030262204637,0.8081610005067776,1.5427662856123658
-1.6020703608892966,-1.5690248080145957,-0.9079491084760245,-1.58869232678583
-1.2245206892490934,-1.1987949365585957,-0.7026002032630827,-1.2139835066113864
-1.0274374420264694,-1.0055326697357991,-0.5954068154721854,-1.018383201134251
-0.456518619216966,-0.4456826206584657,-0.28488461353126615,-0.45176022551752065
1.642976151550144,1.6131078826890701,0.8570285778408369,1.6319370127991095
0.8306196165112694,0.8165010310197367,0.4151886364302722,0.8256930097169051
0.8859660883347905,0.8707744644601816,0.44529153068446775,0.8806230297891338
1.6176859483662387,1.5883079972615586,0.8432732610649193,1.6068371044704555
-0.6754785362565676,-0.6603974203003473,-0.40397670407500214,-0.6690725911477761
-1.4922361677748146,-1.4613200416482215,-0.8482103949652893,-1.4796845749768561
-0.07465372615064647,-0.07122118965175227,-0.07718866317572523,-0.07276865348066339
-0.2536173371362449,-0.2467151174298519,-0.17452680330517778,-0.2503856629544586
1.6122328824844798,1.5829606534352976,0.8403073419457584,1.6014250698343748
0.6116596994716678,0.6017862324689415,0.29609654588653733,0.6083806448139824
1.455081535025917,1.4288561009622431,0.7548328782929553,1.4454561989049026
0.9092167590038648,0.8935743597609437,0.457937550270911,0.9036987523845732
1.5888748679988356,1.560055496702223,0.8276029399612603,1.578242811951607
-0.47283487933561463,-0.46168254712789036,-0.293759014766888,-0.4679537150198991
-1.0451706405238428,-1.0229220636962604,-0.6050518817566682,-1.035982967484813
1.4336771780018476,1.4078667243371992,0.7431910691608095,1.4242128979436215
-1.0195154683635992,-0.9977642845981072,-0.5910980616647216,-1.010520835978981
-1.5548176128351576,-1.522688179640172,-0.882248384610146,-1.5417951294195948
1.2777066125255554,1.2549200618037037,0.6583588276998259,1.26941592463008
-1.087571448069015,-1.0645008193574332,-0.6281136405830653,-1.0780647325516657
0.7397423414030594,0.72738565214433,0.36576057542431384,0.7354995353347556
0.6403634360225009,0.6299334705048787,0.3117084845921426,0.63686840131817
0.5906847177138786,0.5812179059374923,0.28468827425321885,0.587563487911343
1.4242523909069966,1.3986246616897517,0.7380649380607525,1.4148590271284396
-0.014863220321124915,-0.012589881196080366,-0.04466866331994398,-0.01342803803749458
-0.24994617860954899,-0.24311513367418258,-0.1725300604575147,-0.246742127616407
-0.28496173157470145,-0.2774518179057436,-0.19157498537332907,-0.28149420832862476
0.04763234968596207,0.04869404612249929,-0.010677385918817244,0.04859728715711582
0.795926094995827,0.7824801354494579,0.39631886661523147,0.7912605377760014
-0.3179377520250229,-0.3097885109194695,-0.2095106130996691,-0.31422210258029554
1.0585105390894995,1.039973684610345,0.5391382942990474,1.0518691797675714
0.6980500030472494,0.6865016302286753,0.3430841530756523,0.6941209086919949
-0.5279666635259957,-0.515745455521538,-0.3237451363183648,-0.5226706630628071
0.18243471453463922,0.18088291067351386,0.06264148926706299,0.18238533946896196
-1.1770317847985003,-1.1522267307418033,-0.6767710365401628,-1.1668519300856313
0.28518421575549746,0.2816403399120321,0.11852684590705641,0.2843617072552175
-0.36615659442829235,-0.35707250298645954,-0.23573679436125733,-0.36207812473307427
-0.31544737548059754,-0.3073464171033592,-0.20815610035043453,-0.3117504648581744
0.7155255763848546,0.7036383941329792,0.35258909844215974,0.7114649886073718
0.5731018005597034,0.5639758795097893,0.27512494648865654,0.5701128719813054
-0.11913700373727795,-0.11484204154011984,-0.1013830753134622,-0.11691721941392688
1.6550845340592464,1.6249815127858311,0.8636143163319133,1.6439542868901338
-1.6249775313453467,-1.5914878622585038,-0.9204082949007613,-1.6114271334797563
-1.0641704960567426,-1.041553556523913,-0.6153858903833107,-1.0548398595357016
-0.48803476376193466,-0.47658774117179564,-0.30202621218027065,-0.4830392285151435
-0.5090741518096658,-0.4972192252172841,-0.31346951799638745,-0.5039203070265791
1.3893441817584142,1.3643932410726756,0.7190783955429918,1.380213483158215
0.24164556375468246,0.23894580041174598,0.09484621310409752,0.24115065970563124
1.4480827181855491,1.4219929746168671,0.7510262257593356,1.4385100442030458
-0.2777482271011937,-0.27037816651356983,-0.1876515680435996,-0.2743349815974465
-0.7096782762157876,-0.6939341071719053,-0.42257791011502727,-0.7030149966939089
-0.9803779128421565,-0.959385515103688,-0.569811178341484,-0.9716777693944703
-0.8579200868990359,-0.8393018582009124,-0.5032064845037227,-0.8501413704059019
1.205206598814139,1.1838256520291515,0.6189261352732864,1.197461432686456
-1.1225655322708536,-1.0988164499932283,-0.6471468874379469,-1.1127955053336187
0.28065430669624103,0.2771982548780867,0.1160630359683475,0.2798658830725498
-0.8586929623783403,-0.8400597494604699,-0.5036268551642555,-0.8509084304387899
0.3098518248032965,0.3058297027038303,0.13194353844896953,0.30884370669884026
-0.06323234406759244,-0.060021241886915,-0.07097658310145152,-0.06143321133813103
-1.3382192597600975,-1.3102891595500825,-0.7644407463566579,-1.3268265588030004
0.2346896844409428,0.23212477907572915,0.0910629166923434,0.2342471194096385
0.227476179967435,0.2250511276835554,0.08713949936261392,0.22708789267846025
-0.24691908298227339,-0.24014672724107836,-0.17088362781139782,-0.2437378098209834
0.0004867775626640952,1.4340350247510663,0.757705380831263,0.9561116806776239
-1.6015765793330743,-1.568540599643201,-0.9076805367943988,-1.588202260609259
1.5884240239692413,1.5596133930128622,0.8273577323081079,1.5777953599627006
-0.3982738643460533,-0.3885670947219087,-0.25320534708994136,-0.3939537301401283
-1.5374923208407505,-1.5056987842506038,-0.8728251698569488,-1.5246002005793418
-1.3371672903577108,-1.309257584638602,-0.7638685846238261,-1.3257825044046625
1.0921950287291833,0.0004892636537546873,0.5574592505965139,0.3703469235967186
-1.6850041935713225,-1.6503507487020876,-0.9530567376135861,-1.671002128446111
0.4850369334456289,0.4776183831117762,0.22722654542609627,0.48271064409259157
1.5464096541637211,1.518413583527011,0.8045061548586727,1.5360971252759588
-1.4654431511589285,-1.4350464786018466,-0.8336377008967785,-1.453093160915557
1.5035794713522685,1.4764137766811565,0.7812108585334505,1.4935892154231316
1.591708744756285,1.5628344305932094,0.8291442858722001,1.5810553649206425
-0.10853143466015636,-0.10444209004419985,-0.09561471411497778,-0.10639145171014684
-0.844888547567431,-0.8265229693118352,-0.49611864473880213,-0.8372078858614648
0.9641123867977918,0.9474056906031135,0.4877952289653464,0.9581813211952278
0.7866515892441741,0.7733854403347691,0.39127447403509485,0.7820558173813442
0.21427289052931803,0.21210381875703996,0.07995824301684006,0.2139839505105664
0.8913332791632934,0.8760375982677243,0.44821073755989876,0.8859498356134864
0.18436690323290023,0.18277763827686416,0.06369240405848246,0.18430298918751586
0.48982446766465343,0.4823130992929649,0.22983048418938837,0.4874621554377772
-0.43650973180830743,-0.42606165901977805,-0.2740017992936586,-0.43190189420149094
-0.44640683169606665,-0.4357668767701801,-0.27938482401440745,-0.44172452348117913
-1.3909250736959953,-1.361973131641659,-0.7931073893416986,-1.3791357907325836
1.5279465177136713,1.500308403316352,0.7944640740355239,1.5177729132983728
1.6622121634794982,1.6319709541592864,0.8674910293245207,1.6510282848095836
-0.4046715558136286,-0.3948407498451658,-0.25668504554388155,-0.40030328243255425
1.4350726476172584,1.4092351393235556,0.7439500640553455,1.425597867588873
1.1659831682394404,1.145362672516013,0.5975925555195357,1.1585331372902166
0.3907031874438631,0.38511354661858405,0.17591851427519248,0.38908670712904386
-1.4428794809159027,-1.4129202648692492,-0.8213653397271381,-1.4306992697594771
1.1754294240976053,1.1546257876681398,0.6027303646805243,1.1679083153083305
-1.0317097259259576,-1.0097221247135877,-0.5977305044929202,-1.0226233388817338
0.8878553395064235,0.872627088145259,0.4463190893540217,0.8824980658291564
-0.17789700892772697,-0.17246282868007703,-0.13334258359073653,-0.17523508838902205
-0.30670958881179494,-0.29877803569675027,-0.20340362766718023,-0.30307842526415174
-1.2602017738769802,-1.2337842495263154,-0.722007108534767,-1.2493961113418317
0.9346787122942822,0.9185426652258925,0.47178628362768177,0.9289691183366836
0.15012422574705217,0.1491988453048606,0.04506784980320197,0.1503179685081862
1.3582359437164118,1.333888118148261,0.702158656331883,1.349339317016302
1.667321729148233,1.6369814568195855,0.8702701152819775,1.6560994034714187
0.9768004259163725,0.9598477383262287,0.49469624347516955,0.970773889765419
-0.2979503333796783,-0.2901886017854616,-0.19863947692299316,-0.2943850784671977
-0.3492606777001654,-0.3405041588906815,-0.2265471250134966,-0.34530934075152914
0.05701419925418502,0.05789400376058722,-0.005574603034017896,0.057908543566433615
-1.5606356476932548,-1.5283934164824238,-0.8854128070453371,-1.5475693867964542
1.0276169886806372,1.009679087823814,0.5223353198840472,1.0212080863823119
1.4320240832266686,1.4062456792946851,0.7422919533482958,1.4225722418631845
-0.5012380532000517,-0.4895350500983111,-0.3092074685260445,-0.4961431706830376
1.1878169005297898,1.1667730992346526,0.6094679021505089,1.1802025823101399
-1.6614314914525379,-1.627235065831129,-0.9402355708329783,-1.6476067978066904
-0.022098193557946733,-0.019684586184019925,-0.048603758710605086,-0.020608572698937157
-0.971962157623064,-0.9511329212672756,-0.5652338607590034,-0.9633253378444296
-0.9714254385402138,-0.9506066075591956,-0.564941940862121,-0.9627926570437947
0.4774155224691549,0.4701447341306867,0.22308126865847216,0.4751465805057034
0.7729115807232069,0.75991181879126,0.3838012898858297,0.7684191951401479
1.559634412365152,1.53138194386712,0.8116990892653794,1.5492223739194524
-0.3849417623280522,-0.3754934707673148,-0.24595403028518095,-0.3807219447546417
-0.7644450914298305,-0.747639122985997,-0.45236552835047383,-0.7573697222869711
-0.44554808116350625,-0.43492477549190367,-0.27891774901675265,-0.4408722346365626
0.5619380436364175,0.5530285618011097,0.269052987332357,0.5590331162739587
0.5997230670690774,0.5900810224096177,0.2896042239763129,0.5965338283464144
1.4184772935755277,1.392961530293294,0.7349238638408178,1.4091273844483774
-1.5513182044149738,-1.519256616467484,-0.8803450583433361,-1.538322052068666
-0.2416592359703406,-0.23498885595693464,-0.16802280333402175,-0.23851754001129133
1.2226392346251163,1.2009203109240958,0.6284077324245373,1.2147628981959686
0.8771853641393599,0.8621639780442132,0.4405157018793479,0.8719083757892473
0.20418257177173268,0.20220912737343413,0.07447013156091416,0.20396955567715697
-1.0599196809205684,-1.0373851551418902,-0.6130738715168997,-1.0506210297184833
-1.3436508568785421,-1.3156154508716642,-0.7673949874148873,-1.3322172862361492
1.3333751157987868,1.309509283905431,0.6886368691481851,1.3246655534736227
0.005596511117127884,0.007473184131968296,-0.03354063352257508,0.006877745267441695
1.2455464050811662,1.2233833650588954,0.6408669188492764,1.2374977048171618
-0.5904407647697687,-0.5770083314265241,-0.35772474356516776,-0.584674681781818
-1.4941898252363897,-1.4632358221926864,-0.8492729878176415,-1.4816235321892752
1.1245484550433984,1.104731280656515,0.5750562540888495,1.117410197082641
1.106385881279745,1.0869208366024588,0.5651776423989303,1.099384286673437
-1.5567498015334187,-1.5245829076799569,-0.8832992994015654,-1.5437127794290817
-0.9779090050610452,-0.9569644727011714,-0.5684683436531822,-0.9692274381479488
-0.8887492310179561,-0.8695332974734039,-0.5199744326425335,-0.8807385421823649
-1.1112514940043696,-1.08772176475179,-0.640993197668336,-1.1015665992057468
0.6846534947393063,0.6733648487600421,0.3357978020880924,0.6808252016977121
-1.4811368171414707,-1.4504358812353637,-0.8421734699917869,-1.4686687407328392
0.3797755869170314,0.37439780755246727,0.16997500588254338,0.3782413313812827
-1.1812396624080466,-1.1563530271144666,-0.6790596913780992,-1.1710281454969855
-0.6855688550141529,-0.6702921116839531,-0.40946481553092806,-0.6790869859811856
1.1574600692037778,1.1370048161562014,0.5929568476323912,1.1500741697255152
-0.5107701841114727,-0.49888237526915724,-0.31439198993076434,-0.50560357751288
-0.6589046509781509,-0.6441448637747653,-0.39496218192140614,-0.6526234152102123
-0.9782095677474414,-0.9572592088577742,-0.568631820693022,-0.9695257397163307
0.6554989141588788,0.6447755070347441,0.31994065572933594,0.6518899932046178
-0.6138846543086691,-0.5999976981783175,-0.37047584988678794,-0.6079421684763137
-0.45568133744771955,-0.444861571884869,-0.28442921659454407,-0.45092924387583627
-0.9272427236399785,-0.9072804918274301,-0.540911005764225,-0.9189423926789126
-1.3513152053816442,-1.3231312048621129,-0.771563620304377,-1.3398239642289016
-0.1319109179091147,-0.12736829928195403,-0.10833079416040751,-0.12959501679584604
-0.05118836784843209,-0.048210770395278796,-0.06442587879317338,-0.0494798595832354
-0.10928284137614674,-0.10517892879907757,-0.09602340671457774,-0.10713720454010267
-0.488657357898041,-0.4771982648985946,-0.30236484432088406,-0.4836571381275068
-0.21922437830719876,-0.21298895692509012,-0.15582050262336783,-0.21625149185460454
0.1518846643388011,0.15092515396185904,0.0460253480137682,0.15206516133061582
1.1166264813805282,1.096962895518823,0.5707475002813844,1.109547831927371
0.655863883135217,0.645133400705386,0.320139159045365,0.652252216381796
0.5326117129494781,0.5242708000383736,0.2531024243927473,0.5299274501574076
-1.7152322123174504,-1.679992717188894,-0.9694977316727162,-1.7010026981040758
-0.6624255281616487,-0.6475974789065904,-0.39687718624914875,-0.6561177994004068
1.0012962848576594,0.9838686799895027,0.5080195115296217,0.9950854308582526
-0.9940320463098677,-0.9727749266284783,-0.577237650247018,-0.9852291628239384
-0.37240400455266964,-0.36319879057695814,-0.23913475429527706,-0.36827852660497534
-0.5115001220641491,-0.4995981615193549,-0.31478899656282366,-0.5063280231399038
1.595294028229725,1.5663502043301596,0.831094316476131,1.5846136714469654
-1.2185738418111123,-1.1929633851247,-0.6993657203689039,-1.2080814063078673
-1.6394689465823045,-1.6056983229933253,-0.9282901637430185,-1.6258095088418418
0.04080528295210647,0.04199933981456124,-0.014390621871583704,0.04182159007871562
0.6205692362469825,0.6105230339129885,0.3009424351506437,0.6172231420314612
-1.5564063013203946,-1.5242460671686464,-0.8831124662398601,-1.543371863891235
-0.1978629588097575,-0.19204168530940524,-0.14420204961308752,-0.19505080529918759
0.642467374827274,0.631996619236753,0.3128528159644153,0.6389565093875131
-0.7190601257840106,-0.7031340648099932,-0.4276806850932176,-0.7123262531032266
-0.8331021965080387,-0.814965127876356,-0.4897080613484982,-0.8255102205417542
-0.5004437089574332,-0.4887561063340739,-0.30877542771118804,-0.49535480344721733
-1.4264558769806839,-1.3968150759855342,-0.8124325560934613,-1.4143992443151716
0.22625246045853634,0.22385113273463694,0.08647392104892884,0.22587338065666557
-1.2173071847755856,-1.1917212851664218,-0.6986767859333533,-1.2068242798802085
1.023044142094753,1.0051948977805087,0.5198481538234728,1.0166696477937796
-1.7020289228793335,-1.667045408480596,-0.9623164753269424,-1.6878987560816483
-0.8818148204675305,-0.8627333286420669,-0.5162028063851032,-0.8738563090893041
-0.7599581198972022,-0.7432391429614108,-0.4499250666270215,-0.7529165125101671
1.2484876256551858,1.2262675625643666,0.6424666471582711,1.2404167945281896
-0.7791726630632423,-0.7620811619269473,-0.4603758400497725,-0.7719864773177091
1.3770855179061137,1.3523722434431558,0.7124109185319972,1.368047058646666
1.4774519863991167,1.4507928424800487,0.7670001448208109,1.4676583254527935
1.5715710447677425,1.5430871539264432,0.8181914111756049,1.5610691903870197
0.029963557478530745,0.031367810767163745,-0.02028742592711069,0.031061443142682797
0.8424059675706616,0.828058872455216,0.42159921982057613,0.8373906750366157
0.6063998524597349,0.5966283611847978,0.2932357214091601,0.6031603750042903
1.4502940008068923,1.4241613858721405,0.752228939529661,1.4407046882870496
1.148529063665149,1.1282469611163892,0.588099280307352,1.141210364577772
-1.5446199502610023,-1.5126882257331673,-0.8767018828495562,-1.5316741985715248
1.4756700790440538,1.4490454824094563,0.7660309685493096,1.465889826154764
0.7656980762496991,0.7528381663079999,0.3798778725561002,0.7612599676816372
0.30074906915815564,0.2969034276265794,0.12699255454307715,0.2998094439276403
-0.26959009704186937,-0.26237820273331464,-0.18321437137909316,-0.2662382364825914
-0.18757942118234608,-0.1819575213836817,-0.13860884351537564,-0.18484464563938913
0.12485549132646083,0.12442001238202956,0.031324211088216036,0.12523936738246486
1.116197106114248,1.0965418443341421,0.5705139627825571,1.109121687141397
-0.6873507623692159,-0.6720394717545453,-0.41043399180242823,-0.6808554852792148
1.210788477275782,1.189299311974577,0.6219621148514362,1.2030013112674616
-1.5852388504511117,-1.5525196209964223,-0.8987944654044531,-1.571987464122148
-1.521455154645184,-1.489972540996668,-0.8641025755068441,-1.5086837051514799
0.9505226596200226,0.9340794365923625,0.4804037912426095,0.9446938493745559
-0.3482945833510349,-0.339556795089006,-0.22602166761778686,-0.34435051589225196
1.5761653601169408,1.5475923953833417,0.820690255297111,1.5656289354511514
1.1600792583280872,1.1395732250003903,0.5943814208406134,1.1526736506652289
0.35624582232487495,0.3513242296908688,0.1571771873171932,0.3548886151477262
-0.9333827899477857,-0.91330151689453,-0.5442505753935808,-0.9250362585361533
0.21946833125130877,0.21719853252714444,0.08278404121802795,0.21914029871146198
-0.06726847157062657,-0.06397911822214025,-0.07317182926514368,-0.06543896912602841
1.078304738865018,1.0593841212022352,0.5499043358339373,1.0715144390542803
0.5496579110208031,0.5409865127579959,0.2623738322604273,0.5468453852868098
-1.6949442309857097,-1.6600980721165004,-0.9584631184562006,-1.680867372568063
-1.328236284819082,-1.3004997306898753,-0.7590110172987858,-1.3169186999842515
-1.4695866224785328,-1.4391096176786877,-0.8358913294585255,-1.4572054548635816
-1.6698043091450023,-1.6354455542217476,-0.9447895402002034,-1.6559166146599338
1.0976480946109421,1.0783524551958499,0.560425169715676,1.0907122470794146
-1.269368935812063,-1.2427736810265195,-0.7269931187168487,-1.258494294994496
0.03114433946080137,0.03252569961563665,-0.019645195828682176,0.03223334003128086
-1.157624022762634,-1.1331952392341489,-0.6662151684756257,-1.1475902004517002
1.6148306028454753,1.5855080108658923,0.8417202449996557,1.6040032442984882
-0.1675490650103735,-0.16231550724031396,-0.1277143512168353,-0.1649650071204271
-1.1186582173477035,-1.0949848886860818,-0.6450217096398503,-1.1089175907633138
1.146167499700608,1.1259311823283573,0.5868148280171039,1.1388665700732434
1.3955701231194775,1.3704984761584946,0.7224646774160788,1.3863925778271842
0.01910036324164101,0.020715228124000448,-0.02619590804356931,0.020279988276385226
-0.02725069675330945,-0.024737193853678847,-0.05140620078992742,-0.025722305766636106
1.0436756236395177,1.025426383145996,0.5310695922950859,1.0371458887221732
0.8407099352688546,0.8263957224033426,0.42067675579280706,0.8357074045503146
-0.30881352761656805,-0.3008411833375388,-0.20454795903945291,-0.3051665326061628
0.043317128259845794,0.04446248722643738,-0.01302443106141637,0.04431453573110148
0.5701176424590558,0.5610495780860446,0.27350186205779625,0.5671511685917461
-1.674591843364027,-1.6401402694209593,-0.9473934710568878,-1.6606681253505202
0.35929438671546454,0.35431368862865276,0.15883529802424284,0.3579142401460817
1.3631952280419484,1.3387512532758021,0.7048560037694194,1.3542612852576124
1.1134491044100545,1.0938471204618743,0.5690193291153484,1.1063943629840902
-0.23732254578091033,-0.23073624346510693,-0.1656640801304887,-0.23421348065501224
0.6385171223774959,0.6281229529202467,0.31070427413784524,0.6350359804113441
0.541993562517701,0.5334707576764609,0.25820520727754664,0.539238706566725
0.5667255778554421,0.5577232768912123,0.2716569260956491,0.5637846268918119
-1.5261568138109525,-1.4945830460680516,-0.8666598020264062,-1.5133499869576048
0.1821770893748711,0.18063027952627056,0.0625013683490888,0.182129652306444
0.05029447633689948,0.05130455997604788,-0.009229456588729461,0.05123938250269408
0.257725667476877,0.25471414823860744,0.10359217148267681,0.25710976924842427
-1.3445525449377307,-1.3164996571593002,-0.7678854106277987,-1.33311218948663
-0.46034005908686004,-0.4494299719468935,-0.28696309489884964,-0.4555529112760971
1.487456430103446,1.4606033238449356,0.7724415519396147,1.4775874914744744
0.48050702438637255,0.4731762991689165,0.2247627354873862,0.4782148206372559
0.23088971333436278,0.2283984802919814,0.08899612129230165,0.23047574085399433
1.2972646559046197,1.2740989208441165,0.6689964263776721,1.2888268046845355
-1.481587661171065,-1.4508779844882904,-0.8424186855515471,-1.4691161924308127
-0.7038817101210045,-0.6882499232707676,-0.4194251578341587,-0.6972620468109143
-0.6393466075990865,-0.6249660047343526,-0.3843245832435576,-0.6332125351557567
-0.7960471110280553,-0.7786284535180457,-0.46955383133660045,-0.7887339540963221
-0.9939461712566117,-0.9726907166097594,-0.577190945909896,-0.98514393401221
1.5772817358092694,1.5486871278088619,0.8212974512127412,1.566736911458286
1.3997565319657097,1.3746037200264778,0.7247416620996914,1.390547486035606
-1.377077721358458,-1.348394246483665,-0.7855758227943784,-1.365392631749394
0.558975354299084,0.5501233117909583,0.2674415809624295,0.5560927193599987
-1.5964455449010257,-1.563509043932679,-0.9048897727760091,-1.5831098343808259
0.5565923215712287,0.547786480498247,0.2661454585178577,0.5537276176525382
1.2822365215848117,1.2593621457465634,0.6608226376385337,1.2739117480854156
-0.8865379483966129,-0.8673648862181306,-0.5187717109655982,-0.8785438980983612
1.6664200410890444,1.6360972505319495,0.8697796841624571,1.6552045002209377
1.244580310732036,1.22243600125722,0.6403414614535655,1.2365388799578847
0.9490842524779839,0.9326689165966465,0.4796214402262068,0.9432662653234403
0.8589154465591362,0.8442482714667584,0.43057871569798284,0.8537759293653829
1.2230900786547105,1.2013624135223708,0.6286529479842975,1.2152103494575428
1.1184298574989053,1.098731308094095,0.5717283546138174,1.1113376384283324
0.2941581588207542,0.2904402999612046,0.12340776935396111,0.2932681268088253
-0.7916674833119969,-0.7743337371079445,-0.467171759917812,-0.7843872810615112
0.1695105190196044,0.1682092843078354,0.05561203190019725,0.1695583909391851
1.3865961800542208,1.3616985161093222,0.717583761875783,1.3774861582735762
0.608289103631368,0.5984809837787887,0.294263287985323,0.6050354103169799
-1.064664277612965,-1.0420377652226336,-0.6156544541583274,-1.0553299259304725
0.9923223417924026,0.9750687210314163,0.5031385959893259,0.9861790120319772
-1.2813699745045954,-1.254542047508796,-0.7335204748098703,-1.2704050323435274
-0.5373270443309046,-0.524924360654946,-0.32883624114223253,-0.5319606122691926
1.3003132202952092,1.2770883797819008,0.6706545370847218,1.2918524296828915
0.05068091407655168,0.05168350615136933,-0.009019275211767598,0.051622912882804156
0.7777205837055454,0.7646275863860421,0.38641690671005574,0.773192012960933
-0.9853371971676931,-0.964248650231229,-0.5725085336856293,-0.9765997376357803
1.2420469966609824,1.219951801340664,0.6389635925824654,1.234024627102567
1.3003346890585232,1.2771094322865801,0.6706662151456546,1.2918737368858233
0.17455567839839706,0.17315663054518135,0.05835609158146469,0.17456558871955624
-1.3816505679443423,-1.3528784365269702,-0.788062996761562,-1.3699310703379264
1.0219921726923664,1.0041633228690288,0.519275984184032,1.0156255933954421
-1.1522783006974453,-1.1279531579312863,-0.6633076396611275,-1.14228470183028
0.14714006764640458,0.14627254388111588,0.04344476537234166,0.14735626511862682
1.46457072841071,1.43816132112373,0.7599940435758085,1.454873991328881
1.2026732847430857,1.1813414532036817,0.6175482743087942,1.1949471805584708
0.6186370475487214,0.608628305218552,0.29989152035922423,0.6153054915855749
1.2804331454664348,1.2575937331712916,0.6598417833061019,1.2721219415844542
-1.115738465536998,-1.0921217447763762,-0.6434336593917883,-1.1060198089825508
1.6572958166805896,1.6271499240411045,0.864817030102241,1.646148930974138
0.43546555895357675,0.4290080810677889,0.2002647253918353,0.4335122667004252
1.6534529080473817,1.6233815202479973,0.8627268785803348,1.642334938012629
-0.5944983610361169,-0.5809872602664291,-0.3599316598831837,-0.5887017467726474
1.3023956903366682,1.2791304760090956,0.6717871903960617,1.2939192305493026
0.6904500608340893,0.6790490337522658,0.338950554368961,0.6865781523080391
-0.23566945100573145,-0.22911519842259329,-0.16476496431797621,-0.23257282457457573
0.7990175969130446,0.7855117004876878,0.39800033344414554,0.7943287779075539
-1.581975598427382,-1.5493196357025374,-0.8970195819946847,-1.5687487662216724
-0.7699840323648455,-0.7530706768309774,-0.45537815180675917,-0.7628669857347803
1.6724527635802817,1.6420130130756507,0.873060879300367,1.6611918300635178
-0.7571671806663807,-0.7405023140797837,-0.44840707683794717,-0.7501465739469966
-0.8034538343713892,-0.7858915785434235,-0.47358234330811594,-0.7960849463812216
-0.490568077832988,-0.47907194108835155,-0.3034040810513708,-0.4855534813704613
-0.5218695347448165,-0.5097665354637977,-0.3204289149042655,-0.5166194116114305
1.1553346616356908,1.1349206149196471,0.5918008381991857,1.1479647544532399
1.37738608059251,1.3526669795997581,0.7125743955718358,1.3683453602150477
-0.21005721637211594,-0.20399952542488603,-0.042823727357796874,-0.20715330820194008
0.6398911232295926,0.6294703143108376,0.31145159097144964,0.6363996421263313
-0.40085011594373465,-0.39109339855673836,-0.2546065641762992,-0.396510596673978
-0.7807398827851652,-0.763617996950742,-0.4612282515251629,-0.7735419045864174
1.5676422610812784,1.539234540114617,0.8160545474099653,1.5571699686137832
-1.350907298878678,-1.3227312072731976,-0.7713417608664811,-1.3394191273731917
1.5464096541637211,1.518413583527011,0.8045061548586727,1.5360971252759588
0.549550567204233,0.5408812491435115,0.26231544986237243,0.5467388485448171
-1.1798656615559497,-1.1550056646327898,-0.6783123745444937,-1.1696644830546659
-1.032718757801716,-1.0107115935246227,-0.5982793180104955,-1.023624778146875
-1.6946866058259415,-1.6598454417330177,-0.9583229975382264,-1.680611685914678
-0.9515024261848113,-0.9310698559392269,-0.5541058309616345,-0.9430195545394933
-0.8197700944900377,-0.8018915039217621,-0.48245674454373666,-0.8122784351562676
0.3455329094311833,0.3408190145804637,0.1513504437206539,0.34425631070195306
-1.716241244193209,-1.6809821863272545,-0.9700465372836826,-1.7020041375874169
-0.484964730608031,-0.47357722863824586,-0.30035642341228824,-0.4799922955865233
-0.5346649176799673,-0.5223138468013977,-0.32738831181214473,-0.5293185169236146
0.5073000410022587,0.49944986210618275,0.23933542955589696,0.5048062346258216
0.7391412160302671,0.7267961820132972,0.3654336213446332,0.7349029336526571
1.0165605755739215,0.9988370326385332,0.5163217510324116,1.0102348666896257
-0.4514090535482313,-0.4406721179981666,-0.28210552757380936,-0.44668910685568586
-1.4120932743236103,-1.3827309303879,-0.8046207556168018,-1.4001447122434119
-0.7943725474895623,-0.7769863559708523,-0.46864303746315633,-0.7870719908129533
0.2581765115064712,0.2551562519279684,0.10383737913582916,0.2575572212373308
-1.6353040064993862,-1.6016141313026957,-0.9260248571203387,-1.6216759076181524
-0.3659633755584662,-0.3568830304443419,-0.23563169971947132,-0.36188635990668544
-1.3757251892696751,-1.347067936506668,-0.7848401840217069,-1.3640502765100069
1.2234979851576766,1.2017624122023722,0.6288748074221922,1.2156151870405851
-0.05324936912657718,-0.05023181302670788,-0.06554685404358052,-0.05152535251938183
1.1776836442455765,1.1568363028416873,0.6039564266661085,1.1701455730708663
-0.7535174909029988,-0.7369233828287942,-0.4464220120512169,-0.746524345811877
0.8587651652159382,0.8441009039339998,0.4304969771780635,0.8536267789448581
-1.3558451144409007,-1.3275732898960588,-0.7740274302430858,-1.3443197884115698
-1.693741980240125,-1.6589191302178046,-0.9578092102968404,-1.6796741681128666
-1.5494074844800267,-1.517382940932379,-0.8793058216128494,-1.5364257092621112
-1.3159561522034675,-1.288457680555676,-0.7523318622268572,-1.3047309682697703
-1.193348044917149,-1.168226656120142,-0.6856454298691756,-1.1830454188606772
1.1985727509501096,1.177320419354417,0.6153179939623048,1.190877501161777
-1.5394459783023255,-1.5076145649041772,-0.873887762709301,-1.526539157864494
-0.952876427036908,-0.9324172184209035,-0.55485314779524,-0.9443832169818126
-1.2017208626096134,-1.176437144947195,-0.6901993992363996,-1.1913552360048536
1.0184283579822404,1.000668602727844,0.5173376316410327,1.0120885947993832
-0.15666440201016976,-0.15164187209247093,-0.12179419103944392,-0.15416224505119722
-0.061858343215495715,-0.05867387940523834,-0.07022926626784715,-0.0600695488958115
0.08028633868657331,0.08071495156602843,0.00708308670675024,0.08100557336480502
1.0747409241548922,1.0558894010610504,0.547965983290938,1.0679774404582214
1.0739465799122738,1.0551104572968135,0.5475339424760816,1.0671890732224014
1.4398816505995968,1.4139509069183382,0.7465656729729636,1.4303706854096585
-0.012630468936467736,-0.010400418527213342,-0.04345427148868362,-0.011212087477890997
0.40865107357437663,0.4027134656258426,0.1856803532623929,0.40689954550892715
1.5494582185543107,1.5214030424647944,0.8061642655657224,1.539122750274314
0.5277597724405115,0.5195129274342314,0.2504634593532647,0.5251120179307579
-0.8630725900943986,-0.8443544658705711,-0.5060089265830451,-0.8552551034736008
1.5142709154826461,1.486897939286882,0.7870259240690559,1.5042002126659726
-0.5236943796265074,-0.5115560016348357,-0.3214214472976312,-0.5184305260426567
-1.603057924001741,-1.5699932245391681,-0.908486243932667,-1.5896724589935056
-0.5924158909946577,-0.5789451640392341,-0.35879900657184377,-0.5866349459062363
-0.3137942807054187,-0.30572537206084555,-0.20725698453792202,-0.3101098087777375
-0.3746582247006408,-0.3654093068415913,-0.042823727357796874,-0.37051578509484345
0.40212456952691716,0.396313495474507,0.18213059434946618,0.4004221499989087
1.398318124823671,1.3731932000307618,0.7239593110832898,1.3891199019844904
-0.9097027440124312,-0.8900805715001731,-0.5313710262149192,-0.901534391882072
-1.3313707242629278,-1.3035734007374646,-0.7607158323429576,-1.320029554521668
-0.5564127749170608,-0.543640063501318,-0.3392169461993869,-0.5509027331318095
-1.2205489680360013,-1.1949002177374097,-0.7004399912821888,-1.2100416704322854
-0.6311670087764482,-0.6169449884494177,-0.3798757085181195,-0.6250944828379693
0.8335608370852888,0.819385228525208,0.41678836473926695,0.8286120994279328
-0.990704387996196,-0.9695117840387714,-0.5754277405610614,-0.9819265434601329
-0.8838114154557335,-0.8646912148505428,-0.517288755359321,-0.8758378811439869
-1.4593674911410632,-1.4290886112670034,-0.8303331496370041,-1.4470632168125792
0.11326235913689471,0.11305164457975435,0.025018714433090252,0.11373346761647579
-1.6646518059496396,-1.630392946006546,-0.9419870981208811,-1.6508028812285684
1.074204205072042,1.0553630873529705,0.5476740633940558,1.0674447596575865
-0.2774261956514835,-0.2700623778522873,-0.18747641294282708,-0.2740153728261325
0.5478545349024261,0.5392180990916381,0.26139297792799554,0.545055578058516
-0.4172522511156393,-0.407177535044882,-0.26352766974904196,-0.4127893149880848
-1.54749676454508,-1.515509265288165,-0.8782665769757537,-1.534529366382823
1.0179131076627042,1.0001633415244442,0.5170573898050832,1.0115772212016805
1.1296580207121332,1.1097417833168142,0.5778353400463063,1.1224813157444757
0.9743529868985752,0.9574477495194779,0.4933650789411916,0.9683448664491621
-0.6809960084282685,-0.665807921640648,-0.4069776494703536,-0.6745485473926532
0.9858173065082573,0.9686898022936746,0.499600515137332,0.9797229229975586
-0.596774049947402,-0.5832188290357416,-0.36116940783630963,-0.5909603124654474
0.7602879478945682,0.7475329285821838,0.3769353095588037,0.7558905481787527
1.0000510965854468,0.9826476336269903,0.507342255155005,0.9938496123608581
-0.2020278988926757,-0.196125877763795,-0.14646735623576737,-0.19918440703200996
0.7028590060295878,0.691217398914544,0.34569976199326935,0.6988937272401129
-1.5107637105148064,-1.4794883788273767,-0.8582875099712375,-1.4980727081995722
0.04247984649059935,0.043641438452840686,-0.013479827998139581,0.04348355408941687
1.0821476474982261,1.0631525249953424,0.5519944952624524,1.0753284320157888
-1.0613795568259212,-1.0388167276422862,-0.6138679005942352,-1.0520699209725308
-0.5916644842786674,-0.5782083252843565,-0.35839032187885284,-0.5858891930762803
-0.36415999944008925,-0.35511461786907,-0.2346508453870395,-0.3600965534057241
-1.5017682986862357,-1.4706673669281765,-0.8533949084634,-1.4891449818794318
-1.0731873766486275,-1.050395621582445,-0.6202901620454719,-1.0637888934951736
-1.4806430355852485,-1.4499516729730777,-0.8419048983101624,-1.468178674629001
0.2744498340984918,0.2711140733880336,0.1126884242495843,0.27370809633384485
-1.7017927664828794,-1.6668138306017926,-0.962188024563292,-1.6876643766311956
-1.0393955431923736,-1.0172589322998025,-0.6019108154433427,-1.0302513248047507
1.6782278609117507,1.6476761444721082,0.8762019456136927,1.6669234727435802
1.5588830056491616,1.5306451051122418,0.8112903966657794,1.5484766210894962
1.351344470692614,1.327130254326284,0.6984103861963182,1.3424996983291058
0.5410489369318845,0.5325444463794655,0.2576914200361607,0.5383011889103801
-1.3979668280629909,-1.3688783629963948,-0.7969373900905748,-1.3861245598403047
1.324250891390332,1.3005619563235007,0.6836742150879689,1.3156099834994903
-0.17358178750161068,-0.16823126869292906,-0.13099553844813627,-0.17095233623567485
0.12438317853355257,0.12395685727907457,0.031067317467524207,0.12477060891795845
-0.6488358009838795,-0.6342712248958392,-0.389485740619804,-0.6426303275797349
-0.333330855321169,-0.3248831785965782,-0.21788290515483777,-0.3294993816292608
-1.1132051514659447,-1.0896375459509064,-0.6420557905206882,-1.1035055568545655
1.3856944919950323,1.3608143098216863,0.7170933307562627,1.3765912550230957
-1.4198434978799686,-1.3903308953790454,-0.8088360928434125,-1.4078366197024916
-1.4538500189693624,-1.4236781099267029,-0.8273322042416515,-1.441587260567702
-0.2092414033661835,-0.20319952915596906,-0.15039077356549682,-0.2063436337631882
1.0643929802375387,1.0457420785302016,0.542337743010429,1.0577073584622945
-0.27686800780531917,-0.2695150127306137,-0.18717281498501198,-0.27346138554989813
0.568507485210505,0.5594706380528908,0.2726261023671493,0.5655531269171737
1.2575045062470707,1.235109626531812,0.6473709188204324,1.2493658277603288
-0.5308220090467592,-0.5185454430082904,-0.3252981523836296,-0.5255045239621063
-0.7328860093582339,-0.7166918974633075,-0.4352005735796049,-0.726048104883484
-0.48751951344239836,-0.47608248105948153,-0.3017459703443211,-0.48252785564477313
-1.4740735940111611,-1.443509597485057,-0.8383317911819779,-1.4616586644949185
-0.40793480783735836,0.0004892636537546873,-0.25845992895364883,-0.13787659744122652
-0.6112010588944177,-0.5973661318200895,-0.3690162424957674,-0.6052787659278037
0.9008654100747144,0.8853849234385701,0.4533952589646186,0.8954102424433287
-0.7014772086298353,-0.6858920394733763,-0.41811735732865524,-0.6948756379005215
0.5059689776767899,0.4981446046338653,0.238611468844157,0.5034851865893663
-0.3855858252274726,-0.37612504699879384,-0.24630433258011816,-0.3813611615699373
0.40424997709500426,0.3983976967110614,0.18328660378267167,0.40253156527118406
-0.8648974349760895,-0.846143932041609,-0.5070014589764097,-0.8570662179048268
-0.8932147337872705,-0.8739122249933104,-0.5224032083984441,-0.8851704447562369
-0.8167429988627621,-0.7989230963975718,-0.48081031189761975,-0.8092741166335116
1.171285952778001,1.15056264771843,0.6004767282121695,1.1637960207784404
1.0633624795984662,0.0004892636537546873,0.5417772593385299,0.3605788493390591
0.5056254774637658,0.4978077645589894,0.2384246356824517,0.5031442713424529
-0.7466260178792011,-0.7301655190068169,-0.4426737498222611,-0.7396847271246805
0.3356358095434241,0.33111379573897587,0.145967418999905,0.3344336806949326
-0.5891097014443,-0.575703073954207,-0.3570007749468199,-0.5833536337453629
1.1463177810438059,1.126078550952201,0.5868965665370244,1.1390157212211003
0.40146912818294045,0.012503039384934377,9.405629742843212,0.14434695491354577
1.0064751946318982,0.6076850057122863,15.709239090492378,0.7460709482385497
1.7090509937769431,0.7577076962906808,11.699617588294133,1.0841011584172353
