Total_Spend,Administration,Profit,State_California,State_Florida,State_New York,Total_Spend_scaled,Administration_scaled
637133.3,136897.8,192261.83,0,0,1,2.397004599,1.101436517
606496.23,151377.59,191792.06,1,0,0,2.17417126,2.246296841
561376.05,101145.55,191050.39,0,1,0,1.845997568,-1.725353964
527572.03,118671.85,182901.99,0,0,1,1.600129974,-0.339618017
508275.76,91391.77,166187.94,0,1,0,1.459781949,-2.496547174
494738.26,99814.71,156991.12,0,0,1,1.361319324,-1.830578274
262332.28,147198.87,156122.51,1,0,0,-0.32904469,1.915901806
454174.81,145530.06,155752.6,0,1,0,1.066288206,1.78395553
432155.81,148718.95,152211.77,0,0,1,0.906136883,2.036088582
428316.5,108679.17,149759.96,1,0,0,0.878212337,-1.129700115
331074.03,110594.11,146121.95,0,1,0,0.170936337,-0.978293304
350416.51,91790.61,144259.4,1,0,0,0.311620463,-2.465012456
343703.19,127320.38,141585.52,0,1,0,0.26279231,0.344187402
344657.32,135495.07,134307.35,1,0,0,0.269732007,0.990528146
376456.16,156547.42,132602.65,0,1,0,0.501015276,2.655055066
376299.84,122616.84,129917.04,0,0,1,0.49987831,-0.027703097
342359.17,121597.55,126992.93,1,0,0,0.253016817,-0.108294368
377231.47,145077.58,125370.37,0,0,1,0.506654357,1.748179708
386668.73,114175.79,124266.9,0,1,0,0.575294608,-0.695103884
86419.7,153514.11,122776.86,0,0,1,-1.608513896,2.415223116
374918.33,113867.3,118474.03,1,0,0,0.48983014,-0.719494981
378126.76,153773.43,111313.02,0,0,1,0.513166092,2.435726533
377313.82,122782.75,110352.25,0,1,0,0.507253315,-0.014585243
372301.26,105751.03,108733.99,0,1,0,0.470795342,-1.361216685
217618.82,99281.34,108552.04,0,0,1,-0.654260176,-1.872749752
202627.33,139553.16,107404.34,1,0,0,-0.763298141,1.31138544
209378.94,144135.98,105733.54,0,1,0,-0.714191493,1.673731081
425291.41,127864.55,105008.31,0,0,1,0.856209877,0.387212794
184199.72,182645.56,103282.38,0,1,0,-0.897328121,4.718532853
172743.86,153032.06,101004.64,0,0,1,-0.980650303,2.377109309
153125.72,115641.28,99937.59,0,1,0,-1.123339394,-0.579233326
149354.61,152701.92,97483.56,0,0,1,-1.150767899,2.351006431
109494.11,129219.61,97427.84,1,0,0,-1.440686234,0.494352085
270128.76,103057.49,96778.92,0,1,0,-0.272338364,-1.574184351
257223.74,157693.92,96712.8,1,0,0,-0.366200757,2.745704334
251531.66,85047.44,96479.51,0,0,1,-0.407601099,-2.998168517
229790.58,127056.21,90708.19,0,1,0,-0.56573102,0.323300514
241099.37,51283.14,89949.14,1,0,0,-0.483478526,-5.667779571
205494.69,65947.93,81229.06,0,0,1,-0.742442903,-4.508292021
213557.81,82982.09,81005.76,1,0,0,-0.683797218,-3.161467658
201550,118546.05,78239.91,1,0,0,-0.771133911,-0.34956453
192363.63,84710.77,77798.83,0,1,0,-0.837949358,-3.024787696
171642.04,96189.63,71498.49,1,0,0,-0.988664197,-2.117199161
51039.9,127382.3,69758.98,0,0,1,-1.865842648,0.349083174
50512.46,154806.14,65200.33,1,0,0,-1.86967889,2.517378871
2904.16,124153.04,64926.08,0,0,1,-2.215949486,0.093758224
298429.92,115816.21,49490.75,0,1,0,-0.066494855,-0.565402295
0,135426.92,42559.73,1,0,0,-2.237072382,0.985139792
542.05,51743.15,35673.41,0,0,1,-2.233129877,-5.631408381
45173.06,116983.8,14681.4,1,0,0,-1.908514077,-0.473085524
324088.1317,123327.9523,123485.2464,0,0,1,0.120125634,0.028521769
182361.7191,116183.1212,82155.48418,1,0,0,-0.910696497,-0.536392063
332255.5853,123739.6968,125867.0108,0,1,0,0.179530171,0.061076795
260617.5255,120128.2187,104976.1696,0,0,1,-0.341516655,-0.224468644
208586.6275,117505.1933,89803.10053,0,1,0,-0.719954239,-0.431860996
158843.6711,114997.5096,75297.23305,0,0,1,-1.081750882,-0.630133732
292537.3873,121737.3896,114284.5283,1,0,0,-0.109353155,-0.097237799
490401.8607,131712.2998,171985.0761,0,1,0,1.329779287,0.691439311
148695.8737,114485.9303,72337.96774,0,0,1,-1.155559102,-0.670582305
482108.4385,131294.2049,169566.5772,1,0,0,1.269458539,0.658382184
444745.5606,129410.636,158670.9451,0,1,0,0.997706219,0.509455763
293354.7185,121778.5936,114522.8756,1,0,0,-0.10340844,-0.09397996
195005.4528,116820.5277,85842.60573,0,1,0,-0.818734524,-0.485994825
247346.8781,119459.2077,101106.2297,1,0,0,-0.438038374,-0.277364725
104085.4061,112236.9898,59328.81874,0,1,0,-1.480025491,-0.848397228
439504.6803,129146.4284,157142.6178,0,0,1,0.959587598,0.488565902
136116.5889,113851.7728,68669.64059,1,0,0,-1.247052317,-0.720722656
510058.824,132703.2632,177717.3712,0,0,1,1.472750751,0.769790909
224382.5062,118301.5084,94409.4396,0,1,0,-0.605065694,-0.368899478
531414.8989,133779.8836,183945.1553,0,0,1,1.628080405,0.85491507
183489.5776,116239.9797,82484.38635,1,0,0,-0.902493217,-0.531896484
396203.7004,126963.503,144515.3371,0,0,1,0.644645538,0.315970534
261842.0576,120189.9508,105333.2634,0,1,0,-0.332610236,-0.219587728
320130.3735,123128.4304,122331.0988,0,1,0,0.091339576,0.012746353
478311.8029,131102.8057,168459.4156,0,0,1,1.241844378,0.643248998
109636.8138,112516.8521,60947.70089,1,0,0,-1.439648303,-0.826269611
458678.2756,130113.0238,162733.9549,0,1,0,1.099043371,0.564990817
523285.5289,133370.059,181574.4968,0,0,1,1.568952863,0.822511843
152946.5821,114700.2205,73577.54452,0,1,0,-1.124642322,-0.653639217
191369.94,116637.2512,84782.43014,0,0,1,-0.845176787,-0.500485781
479720.8938,131173.8419,168870.3298,0,1,0,1.252093153,0.648865552
149618.667,114532.4509,72607.06952,0,0,1,-1.148847327,-0.666904103
95373.06497,111797.776,56788.15621,1,0,0,-1.543393171,-0.883124144
132015.2851,113645.0144,67473.63267,0,1,0,-1.276882429,-0.737070234
81463.786,111096.5697,52731.98078,1,0,0,-1.644559865,-0.938565782
381535.6802,126224.0464,140237.9002,0,0,1,0.537960273,0.257504595
471931.346,130781.1487,166598.769,0,1,0,1.195437247,0.617816838
253809.3612,119784.9998,102990.7964,1,0,0,-0.39103464,-0.251605619
169507.0611,115535.0813,78406.85364,0,0,1,-1.004192591,-0.587630041
283895.3542,121301.7202,111764.3688,1,0,0,-0.172209463,-0.131684473
118946.7734,112986.1936,63662.63887,1,0,0,-1.37193395,-0.789160616
389550.7997,126628.1113,142575.2414,0,1,0,0.596256835,0.289452425
298352.4502,122030.5434,115980.2967,1,0,0,-0.067058318,-0.074059275
356426.9123,124958.2421,132915.7689,0,0,1,0.355336066,0.157422403
435429.742,128940.9992,155954.2985,1,0,0,0.929949251,0.472323419
474720.2326,130921.7444,167412.0544,0,0,1,1.215721723,0.62893319
204839.7935,117316.3048,88710.46186,0,1,0,-0.747206177,-0.44679567
463497.3076,130355.9649,164139.2642,1,0,0,1.134093752,0.584199219
351827.593,124726.3773,131574.5314,0,0,1,0.321883727,0.139089761
481244.2352,131250.6379,169314.5613,1,0,0,1.263172908,0.654937512
197726.9609,116957.7267,86636.24242,0,0,1,-0.798940114,-0.475147037
509206.3387,132660.287,177468.7724,1,0,0,1.466550349,0.766392949
442375.5929,129291.1592,157979.8234,0,1,0,0.980468676,0.5000092
95909.16397,111824.8023,56944.49153,0,0,1,-1.539493949,-0.880987281
238411.8948,119008.7698,98500.64098,0,1,0,-0.503025404,-0.312979087
199724.8817,117058.4475,87218.86913,0,0,1,-0.784408588,-0.467183438
513632.8174,132883.4384,178759.6067,1,0,0,1.498745564,0.784036657
249274.4909,119556.3841,101668.3534,0,1,0,-0.424018222,-0.269681367
421124.9801,128219.8555,151782.7938,0,0,1,0.825906082,0.415305409
136813.8106,113886.9217,68872.96194,1,0,0,-1.241981197,-0.71794357
377346.4913,126012.8575,139016.2635,0,1,0,0.507490944,0.240806715
137625.2829,113927.8303,69109.60065,1,0,0,-1.236079096,-0.714709087
89555.07255,111504.4745,55091.53354,0,1,0,-1.585709316,-0.906314346
367986.7301,125541.0053,136286.8026,1,0,0,0.439414368,0.203499208
320048.3474,123124.2953,122307.1786,0,1,0,0.090742974,0.012419407
429951.5719,128664.829,154356.7737,0,0,1,0.890104745,0.450487722
294327.3134,121827.6249,114806.5004,1,0,0,-0.096334442,-0.090103247
91380.15275,111596.4819,55623.75707,0,0,1,-1.572434916,-0.899039681
154039.2867,114755.3069,73896.1952,0,1,0,-1.116694727,-0.649283751
493545.2171,131870.7654,172901.7308,0,0,1,1.352641936,0.703968566
344647.3818,124364.4025,129480.6633,1,0,0,0.269659723,0.11046983
298044.8524,122015.0366,115890.5961,0,0,1,-0.069295576,-0.075285337
481551.833,131266.1448,169404.2619,0,1,0,1.265410167,0.656163582
455019.3267,129928.5658,161666.9449,0,1,0,1.07243065,0.550406445
72496.57814,110644.5073,50116.99489,0,0,1,-1.709781274,-0.974308587
197647.8643,116953.7392,86613.17655,1,0,0,-0.799515409,-0.475462313
214887.9879,117822.8628,91640.68127,0,1,0,-0.674122403,-0.406744112
376581.8911,125974.3118,138793.2935,0,0,1,0.501929759,0.237759057
342954.1293,124279.0408,128986.8828,0,1,0,0.257344149,0.103720614
282858.3102,121249.4398,111461.9497,0,0,1,-0.17975222,-0.135818079
345757.6634,124420.3749,129804.4397,0,1,0,0.277735161,0.114895348
513934.5561,132898.6499,178847.5987,0,0,1,1.500940207,0.785239371
247080.2934,119445.7684,101028.4891,1,0,0,-0.439977331,-0.278427318
369902.6249,125637.591,136845.5092,0,1,0,0.453349292,0.211135862
224965.4773,118330.8977,94579.44358,1,0,0,-0.600825556,-0.366575781
410719.3864,127695.2799,148748.3508,0,0,1,0.750222826,0.37382927
213168.3698,117736.1719,91139.21223,0,1,0,-0.686629742,-0.413598422
495059.77,131947.1183,173343.3994,1,0,0,1.36365777,0.710005491
503848.2782,132390.1719,175906.2735,0,0,1,1.427579439,0.745036005
287733.0028,121495.1869,112883.4905,1,0,0,-0.144297001,-0.116387818
374132.8268,125850.8475,138079.1059,1,0,0,0.484116921,0.227997218
170476.7265,115583.9649,78689.62408,0,1,0,-0.9971399,-0.583765006
383574.6141,126326.8348,140832.487,1,0,0,0.5527901,0.265631671
525828.3372,133498.2492,182316.0217,0,0,1,1.587447532,0.83264734
343797.826,124321.5739,129232.9188,1,0,0,0.263480629,0.10708354
423656.0705,128347.4549,152520.9015,0,0,1,0.844315523,0.425394194
359628.8588,125119.6613,133849.5093,0,1,0,0.378624861,0.170185187
481645.577,131270.8707,169431.5992,1,0,0,1.266091997,0.65653724
275557.9894,120881.4099,109333.0556,0,0,1,-0.232849819,-0.164916763
317300.4738,122985.7671,121505.8533,1,0,0,0.070756799,0.001466524
274131.3216,120809.4875,108917.0157,0,0,1,-0.243226436,-0.170603386
481279.3892,131252.4101,169324.8128,1,0,0,1.263428595,0.655077633
454184.4184,129886.4757,161423.4719,0,1,0,1.066358091,0.547078546
488664.6656,131624.7229,171478.4813,0,0,1,1.317144104,0.684514949
372732.5245,125780.2543,137670.7546,0,1,0,0.473932068,0.22241569
262697.4724,120233.0747,105582.7164,0,0,1,-0.326388527,-0.21617809
385768.8117,126437.4506,141472.3512,1,0,0,0.56874921,0.27437763
482128.945,131295.2386,169572.5573,0,1,0,1.269607689,0.658463914
336119.5994,123934.4927,126993.8211,0,0,1,0.207634398,0.076478545
311256.9097,122681.0939,119743.4502,1,0,0,0.026799998,-0.022622793
254374.7552,119813.5029,103155.6747,0,1,0,-0.386922347,-0.24935199
196619.6088,116901.9019,86313.32028,1,0,0,-0.806994244,-0.479560886
263013.8587,120249.0247,105674.9799,0,1,0,-0.324087347,-0.214916986
422791.8672,128303.888,152268.8856,1,0,0,0.838029892,0.42194953
250314.4644,119608.8121,101971.6268,0,1,0,-0.416454158,-0.265536091
471257.5604,130747.1813,166402.282,0,0,1,1.190536586,0.615131169
191284.9844,116632.9683,84757.65569,1,0,0,-0.845794697,-0.500824413
388569.4163,126578.637,142289.0538,0,0,1,0.589118915,0.285540686
433935.6956,128865.68,155518.6099,0,1,0,0.919082567,0.466368225
509915.2784,132696.0267,177675.5109,0,0,1,1.471706698,0.769218747
281748.0287,121193.4674,111138.1732,1,0,0,-0.187827657,-0.140243598
389260.7789,126613.4906,142490.6665,0,0,1,0.594147419,0.288296423
126326.1908,113358.211,65814.59883,0,1,0,-1.318261055,-0.759746656
205387.6105,117343.9218,88870.21435,0,1,0,-0.743221726,-0.444612102
330213.7219,123636.7607,125271.5697,0,0,1,0.164679037,0.052938041
461177.1415,130238.9987,163462.6654,1,0,0,1.117218432,0.574951159
430578.4854,128696.4335,154539.592,0,1,0,0.89466449,0.452986566
418957.1481,128110.5689,151150.6182,0,0,1,0.810138737,0.406664545
512045.0269,132803.3933,178296.5808,0,1,0,1.487197049,0.777707804
265503.9361,120374.5565,106401.1276,0,0,1,-0.305976207,-0.204991678
163463.4969,115230.4081,76644.45054,0,1,0,-1.048149392,-0.611719359
278628.1083,121036.1833,110228.3529,0,0,1,-0.210519849,-0.152679436
320950.6342,123169.7821,122570.3004,1,0,0,0.097305598,0.01601587
86517.17821,111351.3256,54205.63339,0,1,0,-1.607804906,-0.91842323
153881.0935,114747.3319,73850.06347,1,0,0,-1.117845318,-0.649914303
303063.0906,122268.0202,117353.9972,0,0,1,-0.032796304,-0.055282914
119468.2249,113012.4814,63814.70273,0,1,0,-1.368141264,-0.787082142
131074.9147,113597.6077,67199.40514,1,0,0,-1.283722047,-0.740818496
522658.6153,133338.4545,181391.6784,0,0,1,1.564393117,0.820012999
523203.5028,133365.9238,181550.5766,1,0,0,1.56835626,0.822184889
438795.7406,129110.6887,156935.8793,1,0,0,0.95443125,0.485740104
523303.1059,133370.9451,181579.6225,0,1,0,1.569080706,0.822581904
224271.1851,118295.8964,94376.97653,1,0,0,-0.605875368,-0.369343197
162039.7586,115158.6334,76229.26494,0,0,1,-1.058504702,-0.617394303
207833.7453,117467.2384,89583.54765,1,0,0,-0.725430195,-0.434861941
507047.2952,132551.4435,176839.1597,0,0,1,1.450846926,0.757787119
290117.618,121615.4022,113578.8837,0,1,0,-0.126952921,-0.106882865
156031.3485,114855.7324,74477.11333,1,0,0,-1.102205816,-0.6413435
204628.8693,117305.6715,88648.95289,0,0,1,-0.748740297,-0.447636404
223204.8461,118242.1392,94066.01447,1,0,0,-0.613631197,-0.373593568
404292.0574,127371.26,146874.0356,1,0,0,0.70347478,0.348210284
461475.9507,130254.0625,163549.8031,0,1,0,1.119391768,0.576142195
376854.3349,125988.0465,138872.7426,0,0,1,0.503911331,0.238845006
317221.3773,122981.7797,121482.7874,0,1,0,0.070181504,0.001151256
207871.8288,117469.1583,89594.65343,0,0,1,-0.725153202,-0.434710142
223998.7414,118282.1617,94297.52743,1,0,0,-0.60785694,-0.370429146
447619.4028,129555.5146,159509.0049,0,1,0,1.018608605,0.520910747
178981.0729,116012.6932,81169.63193,0,0,1,-0.935285033,-0.549867138
304252.4687,122327.9801,117700.8395,1,0,0,-0.024145571,-0.050542119
111166.0142,112593.9434,61393.64099,0,1,0,-1.428525933,-0.820174304
482433.6133,131310.5978,169661.4036,1,0,0,1.271823641,0.659678306
489259.3546,131654.7029,171651.9025,0,1,0,1.321469469,0.68688535
340478.6995,124154.2473,128265.0066,1,0,0,0.239339546,0.093853681
158752.8566,114992.9313,75270.75002,0,1,0,-1.082411406,-0.63049572
276674.13,120937.6777,109658.5406,0,0,1,-0.224731767,-0.160467889
401213.1501,127216.0435,145976.1753,1,0,0,0.681080889,0.335937923
83740.00963,111211.3206,53395.76517,0,0,1,-1.628004153,-0.929492878
394569.0379,126881.095,144038.6425,0,1,0,0.632756108,0.309454856
86842.35302,111367.7186,54300.45973,0,0,1,-1.605439804,-0.9171271
100294.6296,112045.886,58223.36571,1,0,0,-1.507597037,-0.863507058
126988.2584,113391.5877,66007.66868,0,0,1,-1.313445623,-0.757107691
317250.6723,122983.2565,121491.3304,0,1,0,0.070394576,0.001268021
208973.3219,117524.6877,89915.86699,0,1,0,-0.717141685,-0.43031965
525081.314,133460.5896,182098.1774,0,0,1,1.58201419,0.829669743
134370.6053,113763.7528,68160.48294,1,0,0,-1.259751421,-0.727682053
368976.902,125590.9227,136575.5531,0,1,0,0.446616209,0.207445982
282723.5531,121242.6463,111422.6523,0,0,1,-0.180732352,-0.136355215
386940.6128,126496.5244,141814.0678,0,1,0,0.577272099,0.279048364
194964.4398,116818.4601,85830.64565,0,0,1,-0.819032825,-0.486158302
318747.6482,123058.7233,121927.8732,0,1,0,0.081282567,0.007234886
231952.3413,118683.1253,96616.9285,0,0,1,-0.55000783,-0.338726523
211618.6628,117658.0468,90687.2921,1,0,0,-0.697901264,-0.419775468
433613.4503,128849.4347,155424.6379,0,1,0,0.916738773,0.465083772
322268.9105,123236.2402,122954.7315,1,0,0,0.106893849,0.021270452
288778.8353,121547.9103,113188.4725,0,0,1,-0.136690322,-0.112219185
462621.3863,130311.8072,163883.8311,0,1,0,1.127722893,0.580707843
137194.646,113906.1207,68984.01982,1,0,0,-1.239211258,-0.71642558
241174.4159,119148.0363,99306.23774,0,0,1,-0.482932693,-0.30196783
80069.3427,111026.2719,52325.33808,1,0,0,-1.654702103,-0.944123954
101911.7151,112127.4079,58694.93455,1,0,0,-1.49583545,-0.85706144
175755.6904,115850.0925,80229.05713,0,1,0,-0.958744285,-0.562723339
259750.3927,120084.5041,104723.2993,1,0,0,-0.347823593,-0.227924986
76404.53479,110841.5185,51256.61958,0,0,1,-1.681357439,-0.958731682
76676.97854,110855.2532,51336.06868,1,0,0,-1.679375867,-0.957645733
83157.03858,111181.9314,53225.76119,0,0,1,-1.63224429,-0.931816567
122409.4457,113160.7567,64672.41127,0,1,0,-1.346748812,-0.775358595
494787.3263,131933.3836,173263.9503,1,0,0,1.361676199,0.708919542
434870.2069,128912.7914,155791.1289,0,0,1,0.925879571,0.470093139
306426.1597,122437.5621,118334.7237,1,0,0,-0.008335612,-0.041877899
209825.8072,117567.6639,90164.46578,0,0,1,-0.710941283,-0.42692169
383712.3008,126333.776,140872.6387,1,0,0,0.55379154,0.266180485
300110.1518,122119.1542,116492.8715,0,1,0,-0.054273985,-0.067053166
102679.2448,112166.1013,58918.75889,0,0,1,-1.490252957,-0.854002104
121302.0936,113104.932,64349.48913,0,1,0,-1.354802942,-0.779772435
464308.7799,130396.8735,164375.9029,0,0,1,1.139995853,0.587433702
480371.2434,131206.6279,169059.9825,1,0,0,1.256823356,0.651457813
276691.707,120938.5638,109663.6663,0,1,0,-0.224603923,-0.160397828
136286.5001,113860.3385,68719.18949,0,0,1,-1.245816498,-0.7200454
253270.3327,119757.8258,102833.6068,1,0,0,-0.394955169,-0.253754161
443605.9841,129353.1867,158338.6258,0,1,0,0.98941771,0.504913471
479091.0507,131142.0898,168686.6571,1,0,0,1.2475121,0.646355038
486625.7317,131521.9344,170883.8945,0,1,0,1.302314277,0.676387864
219375.9861,118049.1155,92949.45565,1,0,0,-0.641479737,-0.388855196
277925.0276,121000.739,110023.323,0,1,0,-0.215633583,-0.155481878
334446.8533,123850.1648,126506.0207,0,0,1,0.195467974,0.069811068
348493.8189,124558.3123,130602.3478,1,0,0,0.297636107,0.125801519
302840.4484,122256.7962,117289.0711,0,0,1,-0.034415653,-0.056170352
304062.051,122318.3806,117645.3106,0,1,0,-0.025530541,-0.051301114
411393.1721,127729.2474,148944.8378,0,0,1,0.755123488,0.376514947
294889.778,121855.9803,114970.5243,1,0,0,-0.092243455,-0.087861296
484194.2444,131399.3563,170174.8327,0,0,1,1.284629281,0.666696093
218719.7775,118016.0342,92758.09438,0,1,0,-0.646252555,-0.391470805
390192.3608,126660.4543,142762.3312,0,1,0,0.600923117,0.292009659
479489.463,131162.1749,168802.8408,0,0,1,1.250409881,0.647943088
93146.64289,111685.5357,56138.89476,1,0,0,-1.55958666,-0.891998546
451518.571,129752.0827,160646.0668,0,1,0,1.046968519,0.536452617
457805.2838,130069.0138,162479.376,0,0,1,1.092693818,0.561511119
404467.8276,127380.1211,146925.293,0,1,0,0.704753213,0.348910897
110814.4739,112576.2213,61291.12602,0,0,1,-1.4310828,-0.821575521
286906.883,121453.5399,112642.5803,0,1,0,-0.150305638,-0.119680683
299357.2696,122081.1992,116273.3187,0,0,1,-0.059749941,-0.070054119
275393.9373,120873.1396,109285.2152,1,0,0,-0.234043023,-0.165570664
254746.802,119832.2588,103264.1697,0,1,0,-0.38421633,-0.247869035
106768.8306,112372.2689,60111.34964,1,0,0,-1.460508074,-0.837701239
90020.86348,111527.9563,55227.36587,0,0,1,-1.582321467,-0.904457732
153479.7516,114727.0991,73733.02555,0,1,0,-1.120764407,-0.651514032
237137.5611,118944.527,98129.02423,1,0,0,-0.512294046,-0.318058514
183849.9064,116258.1449,82589.46419,0,0,1,-0.899872429,-0.530460232
479741.4003,131174.8757,168876.3098,1,0,0,1.252242303,0.648947291
260687.8336,120131.7631,104996.6726,1,0,0,-0.341005281,-0.224188402
407247.9257,127520.2737,147736.0156,0,1,0,0.724973768,0.359992214
523071.6752,133359.278,181512.1335,1,0,0,1.567397435,0.821659432
227300.2909,118448.6022,95260.31381,0,0,1,-0.5838437,-0.357269347
216042.212,117881.0505,91977.27207,1,0,0,-0.665727357,-0.402143438
333726.1957,123813.8344,126295.865,0,0,1,0.190226397,0.066938565
498440.4162,132117.5463,174329.2516,0,1,0,1.388246306,0.723480566
306188.87,122425.5996,118265.5261,1,0,0,-0.010061497,-0.042823727
428129.4212,128572.9692,153825.4044,0,0,1,0.876851652,0.443224727
223298.5902,118246.8651,94093.35179,1,0,0,-0.612949366,-0.37321991
476510.1588,131011.9797,167934.0264,1,0,0,1.228740436,0.636067742
254676.494,119828.7144,103243.6667,0,1,0,-0.384727703,-0.248149276
452511.6724,129802.1478,160935.6715,0,0,1,1.054191667,0.540411069
267624.896,120481.4801,107019.6345,0,1,0,-0.290549778,-0.196537647
495036.334,131945.9368,173336.5651,0,0,1,1.363487313,0.709912074
151496.4783,114627.1167,73154.67029,1,0,0,-1.135189397,-0.659419249
400876.2573,127199.0598,145877.9318,0,1,0,0.678630558,0.334595088
463637.9238,130363.0537,164180.2702,0,0,1,1.135116499,0.584759703
533770.2191,133898.622,184632.0056,1,0,0,1.645211413,0.864303251
421842.7083,128256.0382,151992.0952,0,1,0,0.831126352,0.418166234
245931.9283,119387.876,100693.6069,1,0,0,-0.448329763,-0.283004643
520232.987,133216.1717,180684.3252,0,1,0,1.546750736,0.810344577
186600.7095,116396.8207,83391.64379,1,0,0,-0.879864946,-0.51949568
316046.6467,122922.5582,121140.2166,0,1,0,0.061637308,-0.003531156
129211.751,113503.6803,66656.07583,0,0,1,-1.297273441,-0.748244968
325215.9902,123384.8108,123814.1486,1,0,0,0.128328915,0.033017348
416012.9979,127962.1459,150292.0553,0,0,1,0.788724978,0.39492932
447636.9798,129556.4007,159514.1307,0,1,0,1.018736448,0.520980807
199042.3076,117024.037,87019.81924,0,0,1,-0.789373171,-0.469904142
232558.7484,118713.696,96793.76682,1,0,0,-0.545597235,-0.336309417
261229.7916,120159.0848,105154.7165,0,0,1,-0.337063445,-0.222028182
504167.594,132406.2696,175999.3913,0,1,0,1.429901926,0.746308787
480746.2197,131225.5315,169169.3318,0,1,0,1.25955068,0.652952447
527870.2006,133601.1853,182911.4628,0,0,1,1.602298666,0.840786095
363504.5909,125315.048,134979.7368,1,0,0,0.406814317,0.185633649
141518.592,114124.1031,70244.95388,0,1,0,-1.207761798,-0.699190565
482304.7152,131304.0997,169623.8148,0,0,1,1.270886123,0.659164527
366378.4331,125459.9265,135817.7966,0,1,0,0.427716702,0.197088625
72338.385,110636.5323,50070.86316,0,0,1,-1.710931864,-0.974939139
107650.6109,112416.722,60368.49134,0,1,0,-1.4540946,-0.834186507
524841.0948,133448.4795,182028.1255,0,0,1,1.580266998,0.828712245
217111.4805,117934.9554,92289.08842,1,0,0,-0.65795022,-0.397881389
533506.5639,133885.3304,184555.1194,0,1,0,1.643293763,0.863252336
365602.1149,125420.7901,135591.4094,1,0,0,0.422070289,0.193994263
153676.0283,114736.994,73790.26307,0,0,1,-1.119336823,-0.650731681
451591.8085,129755.7748,160667.424,0,1,0,1.047501199,0.536744537
316418.6935,122941.3141,121248.7116,1,0,0,0.064343325,-0.0020482
365312.0941,125406.1693,135506.8346,0,0,1,0.419960873,0.192838253
429933.9948,128663.9429,154351.6479,1,0,0,0.889976901,0.450417662
300236.1204,122125.5046,116529.6061,1,0,0,-0.053357774,-0.066551064
390558.5486,126678.9148,142869.1176,0,1,0,0.603586519,0.293469259
350072.8209,124637.9143,131062.8109,1,0,0,0.3091207,0.132095337
469678.5584,130667.5793,165941.819,0,0,1,1.179051993,0.60883735
491769.9385,131781.2685,172384.0302,1,0,0,1.33972976,0.696892396
390022.4496,126651.8885,142712.7823,0,0,1,0.599687297,0.291332395
215400.6509,117848.7076,91790.18226,0,1,0,-0.670393638,-0.404700665
245047.2185,119343.2753,100435.6109,1,0,0,-0.454764544,-0.286531046
397009.3136,127004.1162,144750.2672,0,0,1,0.650505024,0.319181661
372038.2324,125745.2531,137468.2876,1,0,0,0.468882257,0.219648282
455558.3552,129955.7397,161824.1346,0,0,1,1.076351178,0.552554979
219276.383,118044.0942,92920.40974,1,0,0,-0.642204183,-0.389252211
272432.21,120723.8305,108421.5267,0,1,0,-0.255584626,-0.17737595
384306.9898,126363.756,141046.0598,0,0,1,0.558116906,0.268550886
436091.8096,128974.3759,156147.3684,0,1,0,0.934764683,0.474962384
526944.4778,133554.517,182641.5067,0,0,1,1.595565584,0.837096215
416642.841,127993.8981,150475.728,1,0,0,0.793306031,0.397439842
174264.5735,115774.9211,79794.22283,0,1,0,-0.969589661,-0.568666847
92094.95141,111632.517,55832.20416,0,0,1,-1.567235953,-0.896190527
425027.0778,128416.5713,152920.7099,1,0,0,0.854287303,0.430858958
400305.0042,127170.2613,145711.345,0,1,0,0.674475649,0.332318104
340241.4097,124142.2849,128195.809,1,0,0,0.23761366,0.092907861
176701.9198,115897.7946,80504.99325,0,1,0,-0.951862052,-0.55895172
492563.8337,131821.291,172615.5432,1,0,0,1.345504017,0.700056819
251143.5137,119650.6068,102213.3913,0,1,0,-0.410424213,-0.262231547
213516.9806,117753.7464,91240.87291,0,0,1,-0.684094183,-0.412208875
442993.718,129322.3207,158160.0789,1,0,0,0.9849645,0.502473018
86651.93534,111358.1191,54244.9308,0,0,1,-1.606824773,-0.917886095
487630.5511,131572.5902,171176.9165,0,1,0,1.309622654,0.68039302
474600.123,130915.6893,167377.0285,0,0,1,1.214848127,0.628454437
428829.5723,128608.2658,154029.5801,1,0,0,0.881944078,0.446015491
262425.0287,120219.3401,105503.2673,0,0,1,-0.328370098,-0.217264031
124234.5259,113252.7642,65204.63479,0,1,0,-1.333474412,-0.768083922
124155.4293,113248.7767,65181.56893,0,1,0,-1.334049707,-0.768399198
480971.7914,131236.9032,169235.1122,0,0,1,1.261191336,0.653851563
397205.5903,127014.0111,144807.5047,1,0,0,0.651932608,0.319964012
487832.6868,131582.7805,171235.8626,0,1,0,1.311092852,0.681198727
217785.2661,117968.9228,92485.57543,0,0,1,-0.653049559,-0.395195719
455942.1201,129975.0864,161936.0467,0,1,0,1.079142425,0.554084647
270680.3674,120635.5151,107910.6604,0,0,1,-0.268326345,-0.184358703
531485.207,133783.428,183965.6583,0,1,0,1.628591779,0.855195312
422331.9353,128280.7015,152134.7618,0,0,1,0.834684658,0.420116264
78657.32239,110955.0879,51913.56964,1,0,0,-1.664972184,-0.949752194
224077.8379,118286.1492,94320.5933,0,1,0,-0.607281645,-0.37011387
256949.7881,119943.3176,103906.5968,1,0,0,-0.368193298,-0.23908805
369173.1787,125600.8176,136632.7906,0,0,1,0.448043793,0.208228333
150793.3976,114591.6724,72949.64036,0,1,0,-1.140303131,-0.662221691
77892.72217,110916.5422,51690.5996,1,0,0,-1.67053337,-0.952799852
264856.516,120341.9182,106212.3292,0,0,1,-0.310685103,-0.207572261
414495.5154,127885.6453,149849.5324,1,0,0,0.777687836,0.388880717
122072.5529,113143.773,64574.16776,1,0,0,-1.349199142,-0.776701429
313424.7417,122790.3805,120375.6258,0,1,0,0.042567343,-0.013981929
431354.8037,128735.5699,154765.9792,1,0,0,0.900310904,0.456080928
198919.2685,117017.8343,86983.939,0,0,1,-0.790268074,-0.470394565
488937.1093,131638.4576,171557.9304,1,0,0,1.319125675,0.685600897
441382.4915,129241.0942,157690.2186,0,0,1,0.973245527,0.496050756
133269.1123,113708.2234,67839.26938,0,1,0,-1.267762937,-0.732072545
503303.3907,132362.7026,175747.3753,1,0,0,1.423616296,0.742864115
82992.98643,111173.6611,53177.92087,0,0,1,-1.633437495,-0.932470467
324647.6667,123356.16,123648.4161,1,0,0,0.124195314,0.030752041
105140.0271,112290.1563,59636.36364,1,0,0,-1.47235489,-0.844193561
263239.4305,120260.3964,105740.7603,0,1,0,-0.32244669,-0.21401787
466549.8495,130509.8522,165029.4358,0,0,1,1.156295879,0.596366486
520060.1464,133207.4583,180633.922,0,1,0,1.54549361,0.809655642
336131.3174,123935.0835,126997.2382,0,0,1,0.207719627,0.076525257
489382.3938,131660.9056,171687.7827,1,0,0,1.322364373,0.687375773
331464.6195,123699.822,125636.3521,0,1,0,0.173777221,0.057924051
79726.59088,111008.9928,52225.38599,0,0,1,-1.657195048,-0.945490145
106323.5462,112349.8208,59981.49735,1,0,0,-1.463746772,-0.839476123
205733.2918,117361.3485,88971.02073,0,1,0,-0.740707474,-0.443234241
117725.1708,112924.6091,63306.39937,1,0,0,-1.380819061,-0.794029861
101815.0415,112122.5343,58666.74293,0,1,0,-1.496538588,-0.857446777
164743.6896,115294.9462,77017.77587,1,0,0,-1.038838136,-0.606616584
452760.6801,129814.701,161008.2863,0,1,0,1.056002781,0.541403601
167588.2368,115438.348,77847.29279,0,0,1,-1.018148822,-0.595278365
234905.28,118831.9913,97478.0542,1,0,0,-0.52853015,-0.326956271
195465.3848,116843.7142,85976.72948,0,0,1,-0.81538929,-0.48416156
414299.2388,127875.7505,149792.2949,0,1,0,0.776260253,0.388098374
342784.2181,124270.4751,128937.3339,0,0,1,0.25610833,0.103043358
175251.8159,115824.6907,80082.11902,1,0,0,-0.962409127,-0.564731759
429547.3005,128644.4486,154238.8815,0,0,1,0.887164348,0.448876324
498733.3665,132132.3147,174414.6808,0,1,0,1.390377028,0.724648246
436211.9192,128980.4309,156182.3943,0,1,0,0.935638279,0.475441129
145397.2536,114319.6374,71376.03566,0,0,1,-1.179551035,-0.683730433
400199.5421,127164.9447,145680.5905,1,0,0,0.673708589,0.331897741
535129.5084,133967.1476,185028.3968,0,1,0,1.655097964,0.869721302
136980.7923,113895.3397,68921.65655,0,0,1,-1.240766685,-0.717277992
493668.2563,131876.9681,172937.611,0,1,0,1.35353684,0.704458989
417436.7362,128033.9206,150707.2409,0,0,1,0.799080289,0.400604264
536239.7899,134023.1201,185352.1732,0,1,0,1.663173401,0.874146828
264191.5188,120308.3938,106018.405,0,0,1,-0.315521843,-0.210222904
352120.5433,124741.1458,131659.9605,1,0,0,0.324014449,0.140257448
294441.564,121833.3846,114839.8177,0,1,0,-0.095503461,-0.08964785
234542.0217,118813.6785,97372.12207,1,0,0,-0.531172245,-0.328404192
169170.1683,115518.0976,78308.61013,0,0,1,-1.006642921,-0.588972876
194753.5156,116807.8268,85769.13667,0,1,0,-0.820566945,-0.486999036
334209.5636,123838.2024,126436.8231,1,0,0,0.193742089,0.068865247
131168.6588,113602.3336,67226.74247,0,0,1,-1.283040216,-0.740444838
500728.3578,132232.8879,174996.4532,1,0,0,1.404887247,0.732600175
103730.9363,112219.12,59225.44949,1,0,0,-1.482603664,-0.849810123
252951.0169,119741.7282,102740.489,0,1,0,-0.397277657,-0.255026935
384766.9217,126386.9425,141180.1836,1,0,0,0.56146214,0.270384152
440131.5938,129178.0329,157325.4362,0,0,1,0.964147343,0.491064746
210332.6111,117593.2133,90312.25819,1,0,0,-0.707255134,-0.424901599
457670.5267,130062.2203,162440.0786,0,0,1,1.091713686,0.560973983
333113.9296,123782.9684,126117.3181,0,1,0,0.185773188,0.064498111
102219.3129,112142.9148,58784.63514,1,0,0,-1.493598191,-0.85583537
468266.5381,130596.3953,165530.0505,0,0,1,1.168781911,0.60320911
211149.9424,117634.4173,90550.60548,1,0,0,-0.701310419,-0.42164376
453156.163,129834.6384,161123.6156,0,0,1,1.058879256,0.542979973
200035.409,117074.1021,87309.42402,1,0,0,-0.782150023,-0.46594569
150058.0924,114554.6036,72735.21323,0,1,0,-1.145651244,-0.665152576
234085.0193,118790.6397,97238.85262,0,0,1,-0.534496172,-0.33022578
136043.3514,113848.0807,68648.28331,0,1,0,-1.247584997,-0.721014576
440831.745,129213.3295,157529.6118,0,0,1,0.96923977,0.49385551
193933.2548,116766.4752,85529.93509,1,0,0,-0.826532968,-0.490268545
176819.0999,115903.702,80539.1649,0,1,0,-0.951009763,-0.558484645
461390.9952,130249.7797,163525.0287,0,0,1,1.11877386,0.575803571
377566.204,126023.9338,139080.3354,1,0,0,0.509088986,0.241682475
467088.878,130537.0261,165186.6254,0,1,0,1.160216408,0.59851502
135012.1664,113796.0957,68347.57275,1,0,0,-1.25508514,-0.725124827
211129.4359,117633.3835,90544.62544,0,1,0,-0.701459569,-0.421725499
202499.1208,117198.3048,88027.88306,1,0,0,-0.764230648,-0.456125469
123522.6567,113216.8769,64997.04199,0,1,0,-1.338652067,-0.77092139
534962.5267,133958.7296,184979.7022,0,0,1,1.653883452,0.869055723
142584.931,114177.8603,70555.91594,1,0,0,-1.200005968,-0.694940194
213408.589,117748.2821,91209.26412,0,0,1,-0.68488255,-0.412640916
314848.4801,122862.1552,120790.8114,0,1,0,0.052922654,-0.008306985
441124.6953,129228.0979,157615.041,0,0,1,0.971370492,0.49502319
398690.8482,127088.8871,145240.6305,1,0,0,0.66273537,0.325884164
123824.3955,113232.0884,65085.034,0,0,1,-1.336457423,-0.769718676
161146.2603,115113.5896,75968.70607,0,1,0,-1.065003405,-0.62095574
522151.8113,133312.905,181243.886,0,1,0,1.560706967,0.8179929
251351.5084,119661.0924,102274.046,0,0,1,-0.4089114,-0.261402492
474189.9926,130895.0135,167257.4277,1,0,0,1.211865116,0.626819682
228252.3793,118496.5997,95537.9585,0,1,0,-0.576918853,-0.353474372
445741.5916,129460.8488,158961.4042,0,0,1,1.004950675,0.513425892
175336.7715,115828.9736,80106.89347,0,1,0,-0.961791218,-0.564393127
336400.8317,123948.6704,127075.833,0,0,1,0.209679892,0.07759952
534646.1405,133942.7797,184887.4387,0,1,0,1.651582273,0.867794627
131359.0765,113611.9331,67282.27141,0,0,1,-1.281655246,-0.739685843
165514.1489,115333.7873,77242.4545,1,0,0,-1.033234335,-0.60354557
465465.9335,130455.2089,164713.348,0,1,0,1.148412206,0.592046054
191806.4359,116659.2562,84909.71956,1,0,0,-0.842002011,-0.498745932
449303.8669,129640.4332,160000.2225,0,0,1,1.030860258,0.527624928
153957.2606,114751.1717,73872.27504,0,1,0,-1.11729133,-0.649610705
247390.8207,119461.4229,101119.044,1,0,0,-0.437718766,-0.277189578
268424.6503,120521.798,107252.8561,0,0,1,-0.284732906,-0.193349869
301999.6811,122214.4107,117043.8895,1,0,0,-0.040530826,-0.059521607
435180.7342,128928.446,155881.6838,1,0,0,0.928138137,0.471330887
387002.1323,126499.6258,141832.0079,0,1,0,0.577719551,0.279293579
181702.5809,116149.8921,81963.26862,1,0,0,-0.915490623,-0.539019358
389275.4264,126614.229,142494.938,0,0,1,0.594253955,0.288354806
392152.1981,126759.2552,143333.8521,1,0,0,0.615177648,0.29982146
149179.2416,114510.2982,72478.92582,0,0,1,-1.15204341,-0.66865563
360566.2997,125166.9203,134122.8826,0,1,0,0.385443173,0.173921771
99163.8415,111988.8798,57893.60924,1,0,0,-1.515821625,-0.868014315
497485.3983,132069.4011,174050.7527,0,0,1,1.381300151,0.719673913
127899.3338,113437.5176,66273.3533,1,0,0,-1.306819076,-0.753476194
377739.0447,126032.6472,139130.7386,1,0,0,0.510346112,0.242371409
240236.975,119100.7772,99032.8645,0,1,0,-0.489751004,-0.305704422
384400.7339,126368.4819,141073.3972,0,0,1,0.558798737,0.268924544
436753.8772,129007.7526,156340.4382,0,1,0,0.939580116,0.477601349
202651.455,117205.9844,88072.30621,0,0,1,-0.763122672,-0.455518273
334060.159,123830.6705,126393.2542,1,0,0,0.192655421,0.06826973
125810.5983,113332.2185,65664.24355,0,1,0,-1.322011127,-0.761801781
363211.6406,125300.2795,134894.3077,0,0,1,0.404683594,0.184465961
281150.4101,121163.3397,110963.8978,1,0,0,-0.192174331,-0.142625677
254427.4862,119816.1612,103171.0519,0,1,0,-0.386538817,-0.249141809
191460.7545,116641.8294,84808.91317,1,0,0,-0.844516264,-0.500123801
379195.0075,126106.0464,139555.3214,0,1,0,0.520935802,0.248174797
136239.6281,113857.9755,68705.52083,1,0,0,-1.246157413,-0.720232233
230572.5455,118613.5659,96214.55727,0,1,0,-0.560043532,-0.344226313
238218.5476,118999.0226,98444.25774,0,0,1,-0.504431681,-0.31374976
398116.6657,127059.941,145073.1894,1,0,0,0.658559154,0.323595509
375878.8105,125938.8675,138588.2636,0,0,1,0.496816026,0.234956615
376388.5439,125964.5646,138736.9103,0,1,0,0.500523482,0.236988384
166841.2136,115400.6884,77629.44849,0,0,1,-1.023582164,-0.598255962
214946.5779,117825.8165,91657.76709,0,0,1,-0.673696259,-0.406510574
481548.9035,131265.9971,169403.4076,0,1,0,1.26538886,0.656151903
358832.0341,125079.4911,133617.1421,0,1,0,0.372829297,0.167009087
142426.7378,114169.8853,70509.78421,0,0,1,-1.201156559,-0.695570746
326777.4152,123463.5267,124269.4859,1,0,0,0.139685665,0.039241106
86221.29844,111336.4094,54119.34996,0,1,0,-1.609956935,-0.919602596
498411.1212,132116.0694,174320.7087,0,0,1,1.388033234,0.723363793
421198.2177,128223.5476,151804.1511,0,1,0,0.826438763,0.415597329
519685.17,133188.5546,180524.5727,0,0,1,1.542766286,0.808161001
89144.94216,111483.7986,54971.93275,0,1,0,-1.588692327,-0.907949108
140663.1772,114080.9792,69995.5008,0,0,1,-1.213983507,-0.702600203
167556.0123,115436.7234,77837.89559,1,0,0,-1.018383201,-0.595406815
245460.2784,119364.0988,100556.066,0,1,0,-0.451760226,-0.284884614
531945.1389,133806.6145,184099.7821,1,0,0,1.631937013,0.857028578
421095.6851,128218.3786,151774.2509,0,0,1,0.82569301,0.415188636
428647.9431,128599.1094,153976.614,0,1,0,0.88062303,0.445291531
528494.1847,133632.6421,183093.4268,1,0,0,1.606837104,0.843273261
215582.28,117857.864,91843.14832,0,0,1,-0.669072591,-0.403976704
104132.2781,112239.3528,59342.48741,1,0,0,-1.479684575,-0.848210395
297567.3435,121990.964,115751.3466,1,0,0,-0.072768653,-0.077188663
273147.0087,120759.8655,108629.9738,0,1,0,-0.250385663,-0.174526803
527750.091,133595.1302,182876.4368,1,0,0,1.60142507,0.840307342
391217.6868,126712.1438,143061.3332,0,0,1,0.608380645,0.296096546
506306.131,132514.0793,176623.024,1,0,0,1.445456199,0.754832878
431820.5946,128759.0518,154901.8116,0,0,1,0.903698752,0.45793755
524562.7921,133434.4494,181946.9678,0,1,0,1.578242812,0.82760294
243233.8563,119251.8585,99906.80457,1,0,0,-0.467953715,-0.293759015
165136.243,115314.736,77132.25091,0,0,1,-1.035982967,-0.605051882
503385.4168,132366.8378,175771.2955,1,0,0,1.424212898,0.743191069
168636.9988,115491.219,78153.1291,0,0,1,-1.010520836,-0.591098062
95592.77767,111808.8523,56852.22806,1,0,0,-1.541795129,-0.882248385
482102.5795,131293.9095,169564.8687,0,1,0,1.269415925,0.658358828
159350.4751,115023.059,75445.02546,0,0,1,-1.078064733,-0.628113641
408695.1,127593.2299,148158.0355,0,1,0,0.735499535,0.365760575
395134.4319,126909.5981,144203.5207,0,0,1,0.636868401,0.311708485
388355.5626,126567.856,142226.6905,1,0,0,0.587563488,0.284688274
502099.3651,132302.0043,175396.2616,0,1,0,1.414859027,0.738064938
305726.0086,122402.2655,118130.5481,0,0,1,-0.013428038,-0.044668663
273647.9537,120785.1196,108776.0576,1,0,0,-0.246742128,-0.17253006
268869.9347,120544.2461,107382.7084,0,1,0,-0.281494208,-0.191574985
314253.791,122832.1752,120617.3903,1,0,0,0.048597287,-0.010677386
416361.6087,127979.7204,150393.716,0,1,0,0.791260538,0.396318867
264370.2185,120317.4026,106070.5168,1,0,0,-0.314222103,-0.209510613
452192.3566,129786.0502,160842.5538,0,1,0,1.05186918,0.539138294
403006.0057,127306.4265,146499.0017,0,0,1,0.694120909,0.343084153
235710.8933,118872.6046,97712.98433,1,0,0,-0.522670663,-0.323745136
332648.1387,123759.4865,125981.4858,0,0,1,0.182385339,0.062641489
147143.2372,114407.6574,71885.19331,0,1,0,-1.16685193,-0.676771037
346668.7387,124466.3048,130070.1243,0,0,1,0.284361707,0.118526846
257790.5554,119985.7031,104151.7784,1,0,0,-0.362078125,-0.235736794
264710.0408,120334.534,106169.6146,0,0,1,-0.311750465,-0.2081561
405390.621,127426.6417,147194.3948,0,1,0,0.711464989,0.352589098
385956.2998,126446.9024,141527.0259,0,1,0,0.570112872,0.275124946
291497.4138,121684.9616,113981.2549,0,0,1,-0.116917219,-0.101383075
533597.3785,133889.9086,184581.6024,1,0,0,1.643954287,0.863614316
86019.16275,111326.2192,54060.40386,0,1,0,-1.611427133,-0.920408295
162543.6331,115184.0351,76376.20305,0,0,1,-1.05483986,-0.61538589
241159.7684,119147.2979,99301.96628,0,1,0,-0.483039229,-0.302026212
238288.8557,119002.567,98464.76074,0,0,1,-0.503920307,-0.313469518
497335.9937,132061.8692,174007.1838,0,1,0,1.380213483,0.719078396
340727.7072,124166.8005,128337.6214,0,0,1,0.24115066,0.094846213
505351.1131,132465.9341,176344.525,1,0,0,1.438510044,0.751026226
269854.2476,120593.8681,107669.7503,0,1,0,-0.274334982,-0.187651568
210915.5822,117622.6025,90482.26217,1,0,0,-0.703014997,-0.42257791
173977.4822,115760.448,79710.50227,0,0,1,-0.971677769,-0.569811178
190687.3658,116602.8407,84583.38025,0,1,0,-0.85014137,-0.503206485
472209.6487,130795.1787,166679.9267,1,0,0,1.197461433,0.618926135
154575.3857,114782.3332,74052.53052,0,0,1,-1.112795505,-0.647146887
346050.6136,124435.1434,129889.8688,1,0,0,0.279865883,0.116063036
190581.9037,116597.524,84552.62576,1,0,0,-0.85090843,-0.503626855
350034.7374,124635.9944,131051.7051,0,1,0,0.308843707,0.131943538
299125.8389,122069.5322,116205.8296,1,0,0,-0.061433211,-0.070976583
125148.5307,113298.8418,65471.1737,0,0,1,-1.326826559,-0.764440746
339778.5483,124118.9507,128060.831,1,0,0,0.234247119,0.091062917
338794.2354,124069.3287,127773.7891,0,0,1,0.227087893,0.087139499
274061.0135,120805.9431,108896.5127,0,1,0,-0.24373781,-0.170883628
439026.7809,132550.4097,176833.1797,1,0,0,0.956111681,0.757705381
89212.32073,111487.1954,54991.58145,0,0,1,-1.588202261,-0.907680537
524501.2725,133431.3481,181929.0277,1,0,0,1.57779536,0.827357732
253408.0193,119764.767,102873.7585,1,0,0,-0.39395373,-0.253205347
97956.88638,111928.0338,57541.6412,0,1,0,-1.524600201,-0.87282517
125292.0764,113306.0783,65513.03398,0,0,1,-1.325782504,-0.763868585
358490.7358,130017.7672,162182.9369,0,1,0,0.370346924,0.557459251
77828.27311,110913.2932,51671.80519,0,0,1,-1.671002128,-0.953056738
373939.4796,125841.1003,138022.7227,1,0,0,0.482710644,0.227226545
518768.2357,133142.3294,180257.1795,0,1,0,1.536097125,0.804506155
107788.2975,112423.6631,60408.64304,0,0,1,-1.453093161,-0.833637701
512923.8777,132847.6987,178552.8682,1,0,0,1.493589215,0.781210859
524949.4864,133453.9438,182059.7343,0,1,0,1.581055365,0.829144286
292944.5881,121757.9178,114403.2748,1,0,0,-0.106391452,-0.095614714
192465.574,116692.4852,85101.93511,0,1,0,-0.837207886,-0.496118645
439311.3331,129136.6812,157086.2346,1,0,0,0.958181321,0.487795229
415096.0635,127915.9207,150024.6621,0,1,0,0.782055817,0.391274474
336992.5912,123978.5027,127248.3999,0,0,1,0.213983951,0.079958243
429380.3188,128636.0305,154190.1869,1,0,0,0.885949836,0.448210738
332911.7939,123772.7781,126058.372,0,0,1,0.184302989,0.063692404
374592.7588,125874.034,138213.2296,0,1,0,0.487462155,0.229830484
248190.5749,119501.7408,101352.2656,0,0,1,-0.431901894,-0.274001799
246840.0742,119433.6582,100958.4372,1,0,0,-0.441724523,-0.279384824
117956.6015,112936.2762,63373.88839,0,0,1,-1.379135791,-0.793107389
516248.8633,133015.3207,179522.4889,0,1,0,1.517772913,0.794464074
534569.9734,133938.9399,184865.2271,0,1,0,1.651028285,0.867491029
252535.0275,119720.757,102619.1797,0,0,1,-0.400303282,-0.256685046
503575.8345,132376.4373,175826.8244,1,0,0,1.425597868,0.743950064
466857.4473,130525.3591,165119.1364,0,1,0,1.158533137,0.597592556
361067.2446,125192.1744,134268.9664,0,0,1,0.389086707,0.175918514
110867.2049,112578.8796,61306.50327,0,1,0,-1.43069927,-0.82136534
468146.4285,130590.3403,165495.0246,0,0,1,1.167908315,0.602730365
166973.0412,115407.3342,77667.8916,0,1,0,-1.022623339,-0.597730504
428905.7394,128612.1056,154051.7917,0,0,1,0.882498066,0.446319089
283479.3648,121280.749,111643.0594,1,0,0,-0.175235088,-0.133342584
265902.3484,120394.6416,106517.3112,0,1,0,-0.303078425,-0.203403628
135794.3436,113835.5275,68575.66854,1,0,0,-1.249396111,-0.722007109
435294.9848,128934.2057,155915.0011,0,0,1,0.928969118,0.471786284
328239.237,123537.2213,124695.7773,0,1,0,0.150317969,0.04506785
493091.1442,131847.8743,172769.3156,1,0,0,1.349339317,0.702158656
535267.195,133974.0888,185068.5485,0,0,1,1.656099403,0.870270115
441042.6692,129223.9628,157591.1208,1,0,0,0.97077389,0.494696243
267097.5855,120454.8969,106865.8621,1,0,0,-0.294385078,-0.198639477
260096.074,120101.9308,104824.1057,0,1,0,-0.345309341,-0.226547125
315533.9837,122896.7134,120990.7156,1,0,0,0.057908544,-0.005574603
94798.88243,111768.8298,56620.7151,0,0,1,-1.547569387,-0.885412807
447976.8022,129573.5321,159613.2285,1,0,0,1.021208086,0.52233532
503159.8451,132355.4661,175705.515,0,0,1,1.422572242,0.742291953
239358.1242,119056.4719,98776.57709,0,1,0,-0.496143171,-0.309207469
469836.7515,130675.5543,165987.9507,1,0,0,1.180202582,0.609467902
81044.86711,111075.4508,52609.81711,0,0,1,-1.647606798,-0.940235571
304738.7661,122352.4958,117842.6519,1,0,0,-0.020608573,-0.048603759
175125.8473,115818.3403,80045.38449,0,0,1,-0.963325338,-0.565233861
175199.0849,115822.0324,80066.74177,1,0,0,-0.962792657,-0.564941941
372899.5062,125788.6723,137719.4492,0,1,0,0.475146581,0.223081269
413221.1818,127821.4025,149477.9157,0,0,1,0.768419195,0.38380129
520572.8093,133233.3031,180783.423,0,1,0,1.549222374,0.811699089
255227.2405,119856.4791,103404.2734,0,0,1,-0.380721945,-0.24595403
203442.4207,117245.8592,88302.96488,1,0,0,-0.757369722,-0.452365528
246957.2543,119439.5656,100992.6089,0,1,0,-0.440872235,-0.278917749
384432.9584,126370.1064,141082.7944,0,0,1,0.559033116,0.269052987
389588.8832,126630.0312,142586.3472,1,0,0,0.596533828,0.289604224
501311.3289,132262.2771,175166.4572,0,1,0,1.409127384,0.734923864
96070.28662,111832.9249,56991.47755,1,0,0,-1.538322052,-0.880345058
274778.7417,120842.1258,109105.8141,0,1,0,-0.23851754,-0.168022803
474588.405,130915.0986,167373.6113,1,0,0,1.214762898,0.628407732
427449.7765,128538.7064,153627.2089,0,1,0,0.871908376,0.440515702
335615.7249,123909.091,126846.883,0,0,1,0.203969556,0.074470132
163123.6746,115213.2767,76545.35274,1,0,0,-1.05062103,-0.613073872
124407.3665,113261.4776,65255.03798,0,0,1,-1.332217286,-0.767394987
489698.7801,131676.8555,171780.0462,0,1,0,1.324665553,0.688636869
308517.8247,122543.0089,118944.6878,0,0,1,0.006877745,-0.033540634
477714.1844,131072.678,168285.1402,1,0,0,1.237497705,0.640866919
227186.0403,118442.8425,95226.99644,0,0,1,-0.584674682,-0.357724744
103865.6934,112225.9135,59264.74689,0,1,0,-1.481623532,-0.849272988
461203.507,130240.3279,163470.354,0,1,0,1.117410197,0.575056254
458725.1477,130115.3867,162747.6235,0,0,1,1.099384287,0.565177642
95329.12243,111795.5607,56775.34184,1,0,0,-1.543712779,-0.883299299
174314.3751,115777.4317,79808.74578,0,1,0,-0.969227438,-0.568468344
186480.5999,116390.7656,83356.61784,0,0,1,-0.880738542,-0.519974433
156119.2336,114860.1629,74502.74207,0,1,0,-1.101566599,-0.640993198
401177.996,127214.2713,145965.9238,0,0,1,0.680825202,0.335797802
105646.8311,112315.7057,59784.15604,0,1,0,-1.468668741,-0.84217347
359576.1278,125117.003,133834.1321,0,0,1,0.378241331,0.169975006
146569.0547,114378.7113,71717.75221,1,0,0,-1.171028145,-0.679059691
214205.4137,117788.4523,91441.63138,0,1,0,-0.679086986,-0.409464816
465694.4347,130466.7283,164779.9827,1,0,0,1.15007417,0.592956848
238057.425,118990.8999,98397.27172,0,0,1,-0.505603578,-0.31439199
217843.8561,117971.8765,92502.66126,0,1,0,-0.652623415,-0.394962182
174273.362,115775.3641,79796.7857,0,0,1,-0.96952574,-0.568631821
397199.7313,127013.7157,144805.7962,1,0,0,0.651889993,0.319940656
223987.0234,118281.571,94294.11026,1,0,0,-0.607942168,-0.37047585
245574.529,119369.8585,100589.3834,0,1,0,-0.450929244,-0.284429217
181228.0015,116125.9672,81824.87341,1,0,0,-0.918942393,-0.540911006
123361.5341,113208.7542,64950.05596,0,0,1,-1.339823964,-0.77156362
289754.3597,121597.0893,113472.9515,1,0,0,-0.129595017,-0.108330794
300769.2899,122152.3832,116685.0871,0,0,1,-0.04947986,-0.064425879
292842.0555,121752.7488,114373.3746,0,1,0,-0.107137205,-0.096023407
241074.8128,119143.015,99277.19183,1,0,0,-0.483657138,-0.302364844
277840.0721,120996.4562,109998.5485,0,0,1,-0.216251492,-0.155820503
328479.4563,123549.3314,124765.8292,1,0,0,0.152065161,0.046025348
460122.5205,130185.8323,163155.1205,1,0,0,1.109547832,0.5707475
397249.5329,127016.2263,144820.3191,0,1,0,0.652252216,0.320139159
380431.2577,126168.3693,139915.8323,0,0,1,0.52992745,0.253102424
73703.53327,110705.3533,50468.96294,0,1,0,-1.701002698,-0.969497732
217363.4177,117947.6562,92362.55748,0,0,1,-0.656117799,-0.396877186
444385.2318,129392.4708,158565.8673,1,0,0,0.995085431,0.508019512
172114.3185,115666.5206,79167.17296,0,1,0,-0.985229163,-0.57723765
256938.0701,119942.7269,103903.1796,0,0,1,-0.368278527,-0.239134754
237957.8219,118985.8787,98368.22581,1,0,0,-0.506328023,-0.314788997
525438.7134,133478.6071,182202.4009,0,1,0,1.584613671,0.831094316
141474.6494,114121.8878,70232.13951,1,0,0,-1.208081406,-0.69936572
84041.74841,111226.5321,53483.75718,0,1,0,-1.625809509,-0.928290164
313322.2091,122785.2115,120345.7256,1,0,0,0.04182159,-0.014390622
392433.4304,126773.4329,143415.8641,0,1,0,0.617223142,0.300942435
95375.99447,111797.9237,56789.0105,0,0,1,-1.543371864,-0.883112466
280754.9273,121143.4023,110848.5685,1,0,0,-0.195050805,-0.14420205
395421.5232,126924.0712,144287.2413,0,0,1,0.638956509,0.312852816
209635.3895,117558.0644,90108.93684,0,1,0,-0.712326253,-0.427680685
194073.871,116773.564,85570.94108,0,0,1,-0.825510221,-0.489708061
239466.5158,119061.9362,98808.18587,1,0,0,-0.495354803,-0.308775428
113108.2745,112691.8583,61960.03617,0,0,1,-1.414399244,-0.812432556
338627.2537,124060.9107,127725.0945,0,1,0,0.225873381,0.086473921
141647.4901,114130.6012,70282.5427,0,1,0,-1.20682428,-0.698676786
447352.8181,129542.0753,159431.2644,0,0,1,1.016669648,0.519848154
75505.17745,110796.1793,50994.35213,1,0,0,-1.687898756,-0.962316475
187426.8293,116438.4678,83632.55396,0,1,0,-0.873856309,-0.516202806
204054.6868,117276.7253,88481.51178,0,0,1,-0.752916513,-0.449925067
478115.5263,131092.9108,168402.1781,0,1,0,1.240416795,0.642466647
201432.7818,117144.5476,87716.921,0,0,1,-0.771986477,-0.46037584
495663.2476,131977.5413,173519.3834,0,1,0,1.368047059,0.712410919
509358.6729,132667.9666,177513.1956,0,0,1,1.467658325,0.767000145
522201.6129,133315.4157,181258.409,1,0,0,1.56106919,0.818191411
311842.8103,122710.6308,119914.3085,0,1,0,0.031061443,-0.020287426
422703.9821,128299.4574,152243.2568,1,0,0,0.837390675,0.42159922
390499.9586,126675.9611,142852.0318,0,0,1,0.603160375,0.293235721
505652.8519,132481.1456,176432.517,0,1,0,1.440704688,0.75222894
464475.7615,130405.2915,164424.5975,1,0,0,1.141210365,0.58809928
96984.29147,111879.0025,57258.01646,0,0,1,-1.531674199,-0.876701883
509115.5242,132655.7088,177442.2894,1,0,0,1.465889826,0.766030969
412236.8688,127771.7805,149190.8738,1,0,0,0.761259968,0.379877873
348792.6282,124573.3761,130689.4855,0,1,0,0.299809444,0.126992555
270967.4587,120649.9882,107994.381,1,0,0,-0.266238236,-0.183214371
282158.1591,121214.1432,111257.774,0,0,1,-0.184844646,-0.138608844
324791.2123,123363.3966,123690.2763,1,0,0,0.125239367,0.031324211
460063.9304,130182.8786,163138.0347,0,0,1,1.109121687,0.570513963
213962.265,117776.1945,91370.72519,0,1,0,-0.680855485,-0.410433992
472971.3195,130833.5767,166902.0425,1,0,0,1.203001311,0.621962115
91441.6723,111599.5833,55641.69719,0,0,1,-1.571987464,-0.898794465
100145.2249,112038.3541,58179.79685,1,0,0,-1.508683705,-0.864102576
437456.9579,129043.1969,156545.4682,0,0,1,0.944693849,0.480403791
260227.9016,120108.5766,104862.5488,1,0,0,-0.344350516,-0.226021668
522828.5264,133347.0202,181441.2273,0,1,0,1.565628935,0.820690255
466051.834,130484.7458,164884.2062,0,0,1,1.152673651,0.594381421
356365.3928,124955.1407,132897.8287,0,1,0,0.354888615,0.157177187
180390.1637,116083.7295,81580.54608,0,0,1,-0.925036259,-0.544250575
337701.5309,124014.2424,127455.1384,1,0,0,0.219140299,0.082784041
298575.0924,122041.7675,116045.2229,0,1,0,-0.065438969,-0.073171829
454893.3581,129922.2153,161630.2104,0,0,1,1.071514439,0.549904336
382757.2829,126285.6308,140594.1397,1,0,0,0.546845385,0.262373832
76471.91335,110844.9152,51276.26828,0,1,0,-1.680867373,-0.958463118
126510.7495,113367.5151,65868.41919,0,1,0,-1.3169187,-0.759011017
107222.9035,112395.16,60243.7648,1,0,0,-1.457205455,-0.835891329
79902.36105,111017.8538,52276.64348,0,1,0,-1.655916615,-0.94478954
457532.8401,130055.2791,162399.9269,0,0,1,1.090712247,0.56042517
134543.446,113772.4662,68210.88613,1,0,0,-1.258494295,-0.726993119
312003.9329,122718.7535,119961.2945,0,0,1,0.03223334,-0.019645196
149791.5077,114541.1643,72657.47271,0,1,0,-1.1475902,-0.666215168
528104.5609,133613.0001,182979.8061,0,0,1,1.604003244,0.841720245
284891.3851,121351.9329,112054.8279,1,0,0,-0.164965007,-0.127714351
155108.5552,114809.2117,74208.01155,0,0,1,-1.108917591,-0.64502171
464153.5162,130389.0462,164330.6254,0,1,0,1.13886657,0.586814828
498185.5495,132104.6977,174254.9283,0,1,0,1.386392578,0.722464677
310360.4819,122635.9024,119482.037,0,0,1,0.020279988,-0.026195908
304035.6855,122317.0515,117637.622,1,0,0,-0.025722306,-0.051406201
450168.0702,129684.0001,160252.2384,0,1,0,1.037145889,0.531069592
422472.5514,128287.7904,152175.7678,0,0,1,0.835707405,0.420676756
265615.2572,120380.1685,106433.5906,0,1,0,-0.305166533,-0.204547959
313664.961,122802.4906,120445.6777,0,0,1,0.044314536,-0.013024431
385549.099,126426.3742,141408.2794,0,1,0,0.567151169,0.273501862
79249.08194,110984.9202,52086.1365,0,0,1,-1.660668125,-0.947393471
356781.3821,124976.1119,133019.1381,1,0,0,0.35791424,0.158835298
493767.8593,131881.9894,172966.6569,0,1,0,1.354261285,0.704856004
459688.9541,130163.975,163028.6854,1,0,0,1.106394363,0.569019329
275370.5013,120871.9581,109278.3809,0,0,1,-0.234213481,-0.16566408
394882.4947,126896.8972,144130.0517,0,1,0,0.63503598,0.310704274
381711.4504,126232.9075,140289.1577,1,0,0,0.539238707,0.258205207
385086.2375,126403.0401,141273.3013,0,0,1,0.563784627,0.271656926
99503.66382,112006.0112,57992.70704,1,0,0,-1.513349987,-0.866659802
332612.9846,123757.7143,125971.2343,1,0,0,0.182129652,0.062501368
314617.0493,122850.4881,120723.3224,0,1,0,0.051239383,-0.009229457
342921.9047,124277.4163,128977.4856,1,0,0,0.257109769,0.103592171
124284.3274,113255.2749,65219.15775,0,0,1,-1.333112189,-0.767885411
244938.8269,119337.8109,100404.0021,1,0,0,-0.455552911,-0.286963095
510723.8212,132736.7876,177911.2954,0,0,1,1.477587491,0.772441552
373321.3546,125809.9389,137842.4672,0,1,0,0.478214821,0.224762735
339260.0263,124092.8106,127909.6214,1,0,0,0.230475741,0.088996121
484771.3565,131428.4501,170343.1281,1,0,0,1.288826805,0.668996426
105585.3115,112312.6043,59766.21593,1,0,0,-1.469116192,-0.842418686
211706.5479,117662.4774,90712.92084,0,1,0,-0.697262047,-0.419425158
220512.6331,118106.4171,93280.9207,0,0,1,-0.633212535,-0.384324583
199130.1927,117028.4676,87045.44798,0,1,0,-0.788733954,-0.469553831
172126.0365,115667.1113,79170.59013,0,0,1,-0.985143934,-0.577190946
522980.8606,133354.6998,181485.6505,1,0,0,1.566736911,0.821297451
498756.8025,132133.4962,174421.5151,0,1,0,1.390547486,0.724741662
119846.1308,113031.5328,63924.90632,0,0,1,-1.365392632,-0.785575823
384028.687,126349.7259,140964.9022,1,0,0,0.556092719,0.267441581
89912.47188,111522.492,55195.75709,0,1,0,-1.583109834,-0.904889773
383703.5122,126333.333,140870.0758,1,0,0,0.553727618,0.266145459
482720.7045,131325.0709,169745.1241,0,1,0,1.273911748,0.660822638
186782.3387,116405.9772,83444.60985,1,0,0,-0.878543898,-0.518771711
535144.1559,133967.886,185032.6682,0,1,0,1.6552045,0.869779684
477582.3568,131066.0322,168246.6971,0,0,1,1.23653888,0.640341461
437260.6812,129033.302,156488.2307,1,0,0,0.943266265,0.47962144
424956.7697,128413.0269,152900.2069,0,0,1,0.853775929,0.430578716
474649.9245,130918.2,167391.5514,0,1,0,1.215210349,0.628652948
460368.5987,130198.2378,163226.881,0,0,1,1.111337638,0.571728355
347893.2709,124528.037,130427.2181,1,0,0,0.293268127,0.123407769
199727.8112,117058.5952,87219.72342,0,0,1,-0.784387281,-0.46717176
330884.578,123670.5804,125467.2024,0,1,0,0.169558391,0.055612032
496961.0173,132042.9656,173897.8345,0,1,0,1.377486158,0.717583762
390757.7548,126688.9574,142927.2094,0,0,1,0.60503541,0.294263288
162476.2545,115180.6384,76356.55435,1,0,0,-1.055329926,-0.615654454
443160.6997,129330.7387,158208.7735,0,1,0,0.986179012,0.503138596
132905.854,113689.9105,67733.33725,0,0,1,-1.270405032,-0.733520475
234433.6301,118808.2141,97340.51329,0,1,0,-0.531960612,-0.328836241
485187.3458,131449.4213,170464.4375,0,0,1,1.29185243,0.670654537
314669.7804,122853.1464,120738.6997,0,1,0,0.051622913,-0.009019275
413877.3904,127854.4839,149669.2769,0,0,1,0.773192013,0.386416907
173300.7671,115726.3328,79513.16096,1,0,0,-0.976599738,-0.572508534
477236.6754,131048.6054,168145.8907,0,1,0,1.234024627,0.638963593
485190.2753,131449.569,170465.2918,1,0,0,1.291873737,0.670666215
331573.0112,123705.2863,125667.9609,0,0,1,0.174565589,0.058356092
119222.1467,113000.0759,63742.94226,0,1,0,-1.36993107,-0.788062997
447209.2724,129534.8387,159389.4041,1,0,0,1.015625593,0.519275984
150520.9539,114577.9377,72870.19126,0,0,1,-1.142284702,-0.66330764
327832.0362,123516.6931,124577.0308,1,0,0,0.147356265,0.043444765
507600.9712,132579.3559,177000.6208,1,0,0,1.454873991,0.759994044
471863.9674,130777.752,166579.1203,0,1,0,1.194947181,0.617548274
392169.7751,126760.1413,143338.9779,1,0,0,0.615305492,0.29989152
482474.6263,131312.6654,169673.3637,0,0,1,1.272121942,0.659841783
155506.9675,114829.2968,74324.19518,1,0,0,-1.106019809,-0.643433659
533899.1173,133905.1201,184669.5944,0,0,1,1.646148931,0.86481703
367175.2578,125500.0967,136050.1639,0,1,0,0.433512267,0.200264725
533374.7363,133878.6846,184516.6762,1,0,0,1.642334938,0.862726879
226632.3643,118414.9302,95065.53537,0,0,1,-0.588701747,-0.35993166
485471.5076,131463.7467,170547.3037,1,0,0,1.293919231,0.67178719
401968.9618,127254.1462,146196.5825,0,0,1,0.686578152,0.338950554
275596.073,120883.3298,109344.1613,1,0,0,-0.232572825,-0.164764964
416783.4571,128000.987,150516.734,0,1,0,0.794328778,0.398000333
91886.95672,111622.0314,55771.54948,0,0,1,-1.568748766,-0.897019582
202686.609,117207.7566,88082.55771,0,1,0,-0.762866986,-0.455378152
535967.3462,134009.3854,185272.7241,1,0,0,1.66119183,0.873060879
204435.5221,117295.9243,88592.56966,0,1,0,-0.750146574,-0.448407077
198119.5142,116977.5164,86750.71746,0,0,1,-0.796084946,-0.473582343
240814.087,119129.8711,99201.1599,1,0,0,-0.485553481,-0.303404081
236542.8721,118914.547,97955.60308,0,1,0,-0.516619412,-0.320428915
465404.4139,130452.1075,164695.4079,1,0,0,1.147964754,0.591800838
495704.2607,131979.6089,173531.3435,0,1,0,1.36834536,0.712574396
279090.9697,122425.5996,110363.331,1,0,0,-0.207153308,-0.042823727
395069.9828,126906.349,144184.7263,0,1,0,0.636399642,0.311451591
253056.479,119747.0449,102771.2435,0,0,1,-0.396510597,-0.254606564
201218.9281,117133.7666,87654.55773,1,0,0,-0.773541905,-0.461228252
521665.5139,133288.3894,181102.0736,0,0,1,1.557169969,0.816054547
123417.1946,113211.5602,64966.2875,0,1,0,-1.339419127,-0.771341761
518768.2357,133142.3294,180257.1795,0,0,1,1.536097125,0.804506155
382742.6353,126284.8924,140589.8682,1,0,0,0.546738849,0.26231545
146756.5429,114388.1631,71772.42685,0,0,1,-1.169664483,-0.678312375
166835.3546,115400.393,77627.73991,0,1,0,-1.023624778,-0.598279318
76507.06738,110846.6874,51286.51978,0,1,0,-1.680611686,-0.958322998
177917.6634,115959.0837,80859.52417,0,0,1,-0.943019555,-0.554105831
195893.0922,116865.2761,86101.45602,1,0,0,-0.812278435,-0.482456745
354903.5709,124881.4461,132471.5373,0,1,0,0.344256311,0.151350444
73565.84664,110698.4122,50428.81124,0,0,1,-1.702004138,-0.970046537
241578.6873,119168.4168,99424.12995,0,1,0,-0.479992296,-0.300356423
234796.8884,118826.527,97446.44542,0,0,1,-0.529318517,-0.327388312
376977.374,125994.2492,138908.6228,0,1,0,0.504806235,0.23933543
408613.074,127589.0947,148134.1153,0,0,1,0.734902934,0.365433621
446468.1083,129497.4746,159173.2684,1,0,0,1.010234867,0.516321751
246157.5,119399.2477,100759.3874,1,0,0,-0.446689107,-0.282105528
115068.1118,112790.6592,62531.55709,0,1,0,-1.400144712,-0.804620756
199358.6939,117039.987,87112.08271,1,0,0,-0.787071991,-0.468643037
342983.4243,124280.5176,128995.4258,0,0,1,0.257557221,0.103837379
84610.07194,111255.1829,53649.48971,1,0,0,-1.621675908,-0.926024857
257816.9209,119987.0323,104159.467,1,0,0,-0.36188636,-0.2356317
120030.6895,113040.8369,63978.72668,0,1,0,-1.364050277,-0.784840184
474705.5851,130921.006,167407.783,1,0,0,1.215615187,0.628874807
300488.0577,122138.2055,116603.0751,0,0,1,-0.051525353,-0.065546854
468454.0262,130605.8471,165584.7252,1,0,0,1.170145573,0.603956427
204933.5376,117321.0307,88737.79919,0,0,1,-0.746524346,-0.446422012
424936.2632,128411.9931,152894.2269,0,1,0,0.853626779,0.430496977
122743.409,113177.5928,64769.80049,1,0,0,-1.344319788,-0.77402743
76635.9655,110853.1856,51324.1086,0,0,1,-1.679674168,-0.95780921
96331.01236,111846.0688,57067.50948,1,0,0,-1.536425709,-0.879305822
128186.4251,113451.9907,66357.07385,1,0,0,-1.304730968,-0.752331862
144916.8152,114295.4172,71235.93187,0,1,0,-1.183045419,-0.68564543
471304.4324,130749.5442,166415.9507,0,0,1,1.190877501,0.615317994
97690.30163,111914.5945,57463.90068,0,1,0,-1.526539158,-0.873887763
177730.1752,115949.6319,80804.84952,0,0,1,-0.944383217,-0.554853148
143774.3091,114237.8202,70902.75824,1,0,0,-1.191355236,-0.690199399
446722.975,129510.3231,159247.5918,0,1,0,1.012088595,0.517337632
286376.643,121426.809,112487.9536,0,0,1,-0.154162245,-0.121794191
299313.3271,122078.984,116260.5043,1,0,0,-0.060069549,-0.070229266
318709.5647,123056.8034,121916.7675,0,1,0,0.081005573,0.007083087
454407.0607,129897.6997,161488.398,1,0,0,1.06797744,0.547965983
454298.6691,129892.2354,161456.7893,0,1,0,1.067189073,0.547533942
504232.0431,132409.5186,176018.1857,1,0,0,1.430370685,0.746565673
306030.6768,122417.6247,118219.3944,0,1,0,-0.011212087,-0.043454271
363516.3089,125315.6387,134983.154,0,0,1,0.406899546,0.185680353
519184.225,133163.3006,180378.4888,1,0,0,1.53912275,0.806164266
379769.1901,126134.9926,139722.7625,0,0,1,0.525112018,0.250463459
189984.2852,116567.3964,84378.35032,0,1,0,-0.855255103,-0.506008927
514382.7701,132921.2456,178978.3053,0,0,1,1.504200213,0.787025924
236293.8643,118901.9938,97882.98831,1,0,0,-0.518430526,-0.321421447
89010.18504,111477.0051,54932.63535,0,0,1,-1.589672459,-0.908486244
226916.5261,118429.2556,95148.40164,0,1,0,-0.586634946,-0.358799007
264935.6125,120345.9057,106235.395,0,1,0,-0.310109809,-0.207256985
256630.4723,122425.5996,103813.479,0,0,1,-0.370515785,-0.042823727
362625.7401,125270.7426,134723.4494,1,0,0,0.40042215,0.182130594
498560.5258,132123.6013,174364.2776,0,1,0,1.389119902,0.723959311
183621.4052,116246.6255,82522.82946,0,0,1,-0.901534392,-0.531371026
126083.0421,113345.9532,65743.69265,0,1,0,-1.320029555,-0.760715832
231829.3022,118676.9226,96581.04826,0,0,1,-0.550902733,-0.339216946
141205.1352,114108.3008,70153.5447,0,1,0,-1.21004167,-0.700439991
221628.7737,118162.6849,93606.40571,0,0,1,-0.625094483,-0.379875709
421497.027,128238.6114,151891.2888,1,0,0,0.828612099,0.416788365
172568.3914,115689.4117,79299.58812,0,1,0,-0.981926543,-0.575427741
187154.3855,116424.7331,83553.10486,1,0,0,-0.875837881,-0.517288755
108617.3468,112465.4579,60650.40749,0,0,1,-1.447063217,-0.83033315
323209.2809,123283.6469,123228.959,0,1,0,0.113733468,0.025018714
80605.4417,111053.2981,52481.67341,1,0,0,-1.650802881,-0.941987098
454333.8231,129894.0076,161467.0408,0,0,1,1.06744476,0.547674063
269898.1902,120596.0834,107682.5646,1,0,0,-0.274015373,-0.187476413
382511.2046,126273.2253,140522.3792,1,0,0,0.545055578,0.261392978
250818.3389,119634.2139,102118.5649,0,1,0,-0.412789315,-0.26352767
96591.73811,111859.2128,57143.54142,1,0,0,-1.534529366,-0.878266577
446652.6669,129506.7787,159227.0888,0,0,1,1.011577221,0.51705739
461900.7286,130275.4768,163673.6754,1,0,0,1.122481316,0.57783534
440708.7059,129207.1267,157493.7316,0,0,1,0.968344866,0.493365079
214829.3978,117819.9091,91623.59544,0,1,0,-0.674548547,-0.406977649
442273.0603,129285.9903,157949.9232,1,0,0,0.979722923,0.499600515
226321.837,118399.2756,94974.98049,0,0,1,-0.590960312,-0.361169408
411498.6342,127734.564,148975.5923,1,0,0,0.755890548,0.37693531
444215.3207,129383.9051,158516.3184,0,0,1,0.993849612,0.507342255
280186.6037,121114.7515,110682.8359,1,0,0,-0.199184407,-0.146467356
403662.2144,127339.5078,146690.3629,0,1,0,0.698893727,0.345699762
101604.1173,112111.901,58605.23395,0,0,1,-1.498072708,-0.85828751
313550.7104,122796.7309,120412.3603,0,1,0,0.043483554,-0.013479828
455417.7391,129948.6509,161783.1286,0,0,1,1.075328432,0.551994495
162924.4684,115203.2341,76487.26093,1,0,0,-1.052069921,-0.613867901
227019.0587,118434.4245,95178.30183,0,1,0,-0.585889193,-0.358390322
258062.9991,119999.4378,104231.2275,0,0,1,-0.360096553,-0.234650845
102831.5789,112173.7809,58963.18204,1,0,0,-1.489144982,-0.853394908
161313.2419,115122.0076,76017.40068,0,1,0,-1.063788893,-0.620290162
105714.2096,112319.1025,59803.80475,1,0,0,-1.468178675,-0.841904898
345203.9874,124392.4625,129642.9786,0,1,0,0.273708096,0.112688424
75537.40198,110797.8039,51003.74933,1,0,0,-1.687664377,-0.962188025
165924.2792,115354.4631,77362.05529,0,1,0,-1.030251325,-0.601910815
536755.3824,134049.1125,185502.5285,0,0,1,1.666923473,0.876201946
520470.2767,133228.1341,180753.5228,1,0,0,1.548476621,0.811290397
492150.7738,131800.4675,172495.0881,0,0,1,1.342499698,0.698410386
381582.5523,126226.4093,140251.5689,0,1,0,0.538301189,0.25769142
116995.7246,112887.8357,63093.68082,0,0,1,-1.38612456,-0.79693739
488453.7414,131614.0896,171416.9724,1,0,0,1.315609983,0.683674215
284068.1949,121310.4336,111814.772,0,0,1,-0.170952336,-0.130995538
324726.7633,123360.1475,123671.4819,0,1,0,0.124770609,0.031067317
219217.7929,118041.1406,92903.32391,0,1,0,-0.642630328,-0.389485741
262269.765,120211.5128,105457.9899,0,0,1,-0.329499382,-0.217882905
155852.6488,114846.7236,74425.00156,1,0,0,-1.103505557,-0.642055791
496837.9782,132036.7628,173861.9543,0,1,0,1.376591255,0.717093331
114010.5613,112737.3451,62223.15791,0,0,1,-1.40783662,-0.808836093
109370.229,112503.4128,60869.96038,0,1,0,-1.441587261,-0.827332204
279202.2908,121065.1295,110395.794,0,0,1,-0.206343634,-0.150390774
452995.0403,129826.5157,161076.6296,0,1,0,1.057707358,0.542337743
269974.3572,120599.9232,107704.7762,0,0,1,-0.273461386,-0.187172815
385329.3863,126415.2979,141344.2075,1,0,0,0.565553127,0.272626102
479345.9174,131154.9383,168760.9805,0,1,0,1.249365828,0.647370919
235321.2694,118852.9626,97599.36358,1,0,0,-0.525504524,-0.325298152
207748.7897,117462.9555,89558.7732,0,0,1,-0.726048105,-0.435200574
241230.0764,119150.8423,99322.46927,0,1,0,-0.482527856,-0.30174597
106610.6374,112364.2939,60065.21791,1,0,0,-1.461658664,-0.838331791
288615.7358,119698.3089,102489.3274,0,0,1,-0.137876597,-0.258459929
224353.2112,118300.0316,94400.89669,1,0,0,-0.605278766,-0.369016242
430681.018,128701.6025,154569.4922,1,0,0,0.895410242,0.453395259
212034.6522,117679.018,90808.60147,0,1,0,-0.694875638,-0.418117357
376795.7448,125985.0928,138855.6568,1,0,0,0.503485187,0.238611469
255139.3554,119852.0486,103378.6447,0,0,1,-0.381361162,-0.246304333
362915.7609,125285.3634,134808.0242,1,0,0,0.402531565,0.183286604
189735.2774,116554.8432,84305.73556,0,0,1,-0.857066218,-0.507001459
185871.2633,116360.0473,83178.92524,0,1,0,-0.885170445,-0.522403208
196306.1521,116886.0996,86221.9111,0,1,0,-0.809274117,-0.480810312
467581.0344,130561.8371,165330.1463,1,0,0,1.163796021,0.600476728
357147.7358,129819.4269,161035.6236,0,0,1,0.360578849,0.541777259
376748.8728,125982.7298,138841.9881,0,1,0,0.503144271,0.238424636
205873.908,117368.4374,89012.02672,1,0,0,-0.739684727,-0.44267375
353553.0701,124813.3635,132077.709,0,0,1,0.334433681,0.145967419
227367.6695,118451.999,95279.96251,1,0,0,-0.583353634,-0.357000775
464174.0228,130390.08,164336.6055,1,0,0,1.139015721,0.586896567
327418.29,241926.31,413956.48,1,0,0,0.144346955,9.405629743
410148.55,321652.14,333962.19,1,0,0,0.746070948,15.70923909
456623.89,270939.86,476485.43,0,0,1,1.084101158,11.69961759
